FIPS County Code,County,State,region,schools,mean_rank_change,mean_odis_percentile,mean_regional_percentile
55085,Oneida County,WI,Midwest,5,-78.58,92.24,13.65
51017,Bath County,VA,South,1,-77.59,88.94,11.34
55125,Vilas County,WI,Midwest,3,-76.31,93.33,17.02
38049,McHenry County,ND,Midwest,5,-75.01,85.48,10.48
06105,Trinity County,CA,California,6,-74.84,80.25,5.41
21129,Lee County,KY,South,3,-74.18,92.46,18.27
40055,Greer County,OK,South,3,-73.98,93.77,19.79
35003,Catron County,NM,Mountain,2,-71.72,78.33,6.62
08007,Archuleta County,CO,Mountain,2,-71.58,95.75,24.17
55041,Forest County,WI,Midwest,3,-71.34,96.77,25.43
55113,Sawyer County,WI,Midwest,5,-71.3,86.86,15.56
35033,Mora County,NM,Mountain,2,-69.83,93.85,24.02
22081,Red River Parish,LA,South,1,-69.18,98.62,29.44
21065,Estill County,KY,South,3,-68.18,93.94,25.76
55067,Langlade County,WI,Midwest,3,-67.08,87.28,20.21
38063,Nelson County,ND,Midwest,2,-65.87,80.73,14.86
51113,Madison County,VA,South,1,-65.43,82.09,16.67
54075,Pocahontas County,WV,South,1,-64.81,84.56,19.76
05081,Little River County,AR,South,2,-64.41,96.13,31.73
51163,Rockbridge County,VA,South,1,-64.25,79.37,15.11
21237,Wolfe County,KY,South,2,-64.21,95.75,31.54
18069,Huntington County,IN,Midwest,1,-64.1,82.09,17.99
47161,Stewart County,TN,South,2,-64.02,95.25,31.23
46119,Sully County,SD,Midwest,1,-63.87,84.56,20.7
54021,Gilmer County,WV,South,1,-63.83,69.81,5.97
55001,Adams County,WI,Midwest,1,-63.39,79.37,15.97
06043,Mariposa County,CA,California,4,-63.36,73.5,10.14
13241,Rabun County,GA,South,1,-63.19,95.25,32.06
38095,Towner County,ND,Midwest,1,-62.91,90.82,27.92
51141,Patrick County,VA,South,1,-62.27,88.94,26.67
40141,Tillman County,OK,South,3,-62.11,94.66,32.54
51119,Middlesex County,VA,South,1,-61.88,93.94,32.06
08019,Clear Creek County,CO,Mountain,1,-61.45,76.33,14.88
51099,King George County,VA,South,1,-61.31,79.37,18.06
21185,Oldham County,KY,South,5,-61.12,66.65,5.52
40053,Grant County,OK,South,3,-60.92,83.28,22.36
51169,Scott County,VA,South,3,-60.63,94.37,33.74
27141,Sherburne County,MN,Midwest,17,-60.49,69.18,8.69
51079,Greene County,VA,South,1,-60.43,79.37,18.93
29063,DeKalb County,MO,Midwest,5,-60.41,87.66,27.25
55075,Marinette County,WI,Midwest,8,-60.35,74.63,14.28
08047,Gilpin County,CO,Mountain,1,-60.12,69.81,9.69
48137,Edwards County,TX,South,1,-60.02,92.46,32.43
27057,Hubbard County,MN,Midwest,6,-59.99,76.83,16.84
21017,Bourbon County,KY,South,2,-59.2,91.56,32.36
13281,Towns County,GA,South,1,-59.05,76.33,17.28
21069,Fleming County,KY,South,1,-57.56,90.82,33.26
29061,Daviess County,MO,Midwest,5,-57.11,93.84,36.72
48425,Somervell County,TX,South,2,-56.85,84.48,27.63
38103,Wells County,ND,Midwest,2,-56.53,91.05,34.53
28139,Tippah County,MS,South,2,-56.3,86.75,30.45
01091,Marengo County,AL,South,2,-56.1,93.2,37.1
54007,Braxton County,WV,South,1,-55.97,84.56,28.6
27119,Polk County,MN,Midwest,9,-55.81,80.91,25.09
21231,Wayne County,KY,South,5,-55.78,97.02,41.24
54005,Boone County,WV,South,3,-55.78,93.88,38.1
21043,Carter County,KY,South,3,-55.56,94.37,38.82
39111,Monroe County,OH,Midwest,4,-55.16,93.89,38.73
31007,Banner County,NE,Midwest,1,-55.07,92.46,37.39
54015,Clay County,WV,South,1,-55.0,84.56,29.56
20017,Chase County,KS,Midwest,1,-54.97,90.82,35.85
27125,Red Lake County,MN,Midwest,3,-54.9,75.27,20.37
18031,Decatur County,IN,Midwest,3,-54.88,86.04,31.16
21157,Marshall County,KY,South,3,-54.87,89.57,34.69
20085,Jackson County,KS,Midwest,4,-54.79,87.9,33.11
55007,Bayfield County,WI,Midwest,4,-54.78,62.49,7.71
54085,Ritchie County,WV,South,1,-54.58,86.86,32.28
48435,Sutton County,TX,South,1,-54.48,88.94,34.46
51071,Giles County,VA,South,2,-54.45,67.85,13.4
21021,Boyle County,KY,South,4,-53.89,86.19,32.29
51051,Dickenson County,VA,South,1,-53.85,93.94,40.09
55003,Ashland County,WI,Midwest,3,-53.56,75.23,21.67
16029,Caribou County,ID,Mountain,4,-53.41,90.15,36.74
54083,Randolph County,WV,South,2,-53.19,70.44,17.26
26013,Baraga County,MI,Midwest,1,-52.8,65.89,13.09
51097,King and Queen County,VA,South,1,-52.79,90.82,38.03
13269,Taylor County,GA,South,1,-52.73,88.94,36.21
54073,Pleasants County,WV,South,1,-52.65,82.09,29.44
05089,Marion County,AR,South,2,-52.64,89.88,37.24
46065,Hughes County,SD,Midwest,1,-52.63,79.37,26.74
51115,Mathews County,VA,South,1,-52.61,92.46,39.84
55031,Douglas County,WI,Midwest,4,-52.53,70.5,17.97
51171,Shenandoah County,VA,South,3,-52.42,89.28,36.86
12087,Monroe County,FL,South,9,-52.27,76.29,24.02
21161,Mason County,KY,South,2,-52.16,91.64,39.48
55107,Rusk County,WI,Midwest,3,-51.95,60.05,8.1
51011,Appomattox County,VA,South,1,-51.75,90.82,39.07
37005,Alleghany County,NC,South,1,-51.73,82.09,30.37
51093,Isle of Wight County,VA,South,2,-51.64,91.05,39.41
47087,Jackson County,TN,South,1,-51.52,92.46,40.93
12027,DeSoto County,FL,South,1,-51.51,90.82,39.31
21139,Livingston County,KY,South,1,-51.47,95.25,43.78
55078,Menominee County,WI,Midwest,1,-51.28,96.26,44.99
37039,Cherokee County,NC,South,5,-51.1,88.9,37.8
13197,Marion County,GA,South,1,-51.02,73.16,22.14
51077,Grayson County,VA,South,1,-50.87,82.09,31.23
13037,Calhoun County,GA,South,1,-50.77,97.64,46.86
21131,Leslie County,KY,South,2,-50.27,96.26,46.0
18071,Jackson County,IN,Midwest,4,-50.21,76.74,26.53
47049,Fentress County,TN,South,3,-50.19,93.44,43.26
51137,Orange County,VA,South,1,-50.03,82.09,32.06
27001,Aitkin County,MN,Midwest,5,-49.97,53.4,3.43
46023,Charles Mix County,SD,Midwest,3,-49.75,94.32,44.57
45009,Bamberg County,SC,South,2,-49.73,98.57,48.84
26143,Roscommon County,MI,Midwest,3,-49.62,65.89,16.27
35037,Quay County,NM,Mountain,5,-49.43,98.85,49.43
54105,Wirt County,WV,South,1,-49.42,84.56,35.15
21135,Lewis County,KY,South,2,-49.29,96.13,46.84
47025,Claiborne County,TN,South,3,-48.79,93.44,44.65
13091,Dodge County,GA,South,3,-48.66,91.37,42.71
47133,Overton County,TN,South,1,-48.59,86.86,38.27
51159,Richmond County,VA,South,1,-48.38,95.25,46.86
40043,Dewey County,OK,South,4,-48.3,91.76,43.47
21189,Owsley County,KY,South,1,-48.22,95.25,47.02
21109,Jackson County,KY,South,4,-48.16,91.65,43.49
05105,Perry County,AR,South,2,-47.9,54.81,6.9
21031,Butler County,KY,South,3,-47.84,82.09,34.25
22059,LaSalle Parish,LA,South,2,-47.37,95.25,47.88
47083,Houston County,TN,South,3,-47.34,91.91,44.57
51105,Lee County,VA,South,2,-47.32,96.26,48.94
22125,West Feliciana Parish,LA,South,1,-47.31,84.56,37.25
21075,Fulton County,KY,South,2,-47.31,97.64,50.33
38069,Pierce County,ND,Midwest,1,-47.14,92.46,45.32
21177,Muhlenberg County,KY,South,3,-47.13,91.37,44.24
47023,Chester County,TN,South,1,-46.95,82.09,35.15
21205,Rowan County,KY,South,3,-46.81,92.95,46.14
40061,Haskell County,OK,South,4,-46.75,93.52,46.78
21099,Hart County,KY,South,2,-46.53,93.2,46.66
47067,Hancock County,TN,South,1,-46.48,96.26,49.78
30019,Daniels County,MT,Mountain,1,-46.46,47.78,1.33
21097,Harrison County,KY,South,3,-46.42,88.94,42.51
50009,Essex County,VT,Northeast,1,-46.39,52.49,6.1
21025,Breathitt County,KY,South,4,-46.3,95.25,48.94
37137,Pamlico County,NC,South,1,-46.27,93.94,47.67
55077,Marquette County,WI,Midwest,3,-46.19,68.5,22.31
16085,Valley County,ID,Mountain,3,-46.17,50.92,4.75
21217,Taylor County,KY,South,5,-46.07,90.36,44.29
54009,Brooke County,WV,South,1,-45.83,57.13,11.3
06015,Del Norte County,CA,California,4,-45.79,65.89,20.1
45011,Barnwell County,SC,South,4,-45.72,98.6,52.88
01019,Cherokee County,AL,South,2,-45.69,75.95,30.26
13023,Bleckley County,GA,South,2,-45.67,83.33,37.66
47181,Wayne County,TN,South,4,-45.65,94.59,48.94
55029,Door County,WI,Midwest,5,-45.43,59.4,13.97
26119,Montmorency County,MI,Midwest,1,-45.42,73.16,27.74
12061,Indian River County,FL,South,4,-45.33,64.16,18.83
21049,Clark County,KY,South,2,-45.16,88.94,43.78
21213,Simpson County,KY,South,2,-45.15,86.75,41.6
51167,Russell County,VA,South,3,-45.14,94.37,49.24
18129,Posey County,IN,Midwest,2,-45.06,77.85,32.79
13133,Greene County,GA,South,2,-45.04,86.75,41.71
06091,Sierra County,CA,California,4,-44.99,71.44,26.45
48175,Goliad County,TX,South,1,-44.88,88.94,44.06
55099,Price County,WI,Midwest,4,-44.88,64.8,19.92
06025,Imperial County,CA,California,21,-44.79,89.13,44.34
37043,Clay County,NC,South,1,-44.79,65.89,21.1
26083,Keweenaw County,MI,Midwest,1,-44.35,52.49,8.13
55069,Lincoln County,WI,Midwest,5,-44.19,65.03,20.84
48237,Jack County,TX,South,2,-44.11,79.21,35.1
47109,McNairy County,TN,South,2,-44.04,76.33,32.28
55047,Green Lake County,WI,Midwest,3,-44.01,70.68,26.66
51157,Rappahannock County,VA,South,1,-43.99,86.86,42.87
21045,Casey County,KY,South,2,-43.9,94.36,50.46
06045,Mendocino County,CA,California,24,-43.85,83.2,39.34
06033,Lake County,CA,California,13,-43.82,79.03,35.21
47071,Hardin County,TN,South,1,-43.82,95.25,51.43
48503,Young County,TX,South,3,-43.68,88.94,45.26
06027,Inyo County,CA,California,11,-43.53,74.16,30.63
21207,Russell County,KY,South,2,-43.52,96.26,52.75
21181,Nicholas County,KY,South,1,-43.51,92.46,48.94
18131,Pulaski County,IN,Midwest,2,-43.49,93.03,49.54
51027,Buchanan County,VA,South,5,-43.48,97.39,53.92
51193,Westmoreland County,VA,South,2,-43.45,95.75,52.31
51035,Carroll County,VA,South,1,-43.3,79.37,36.06
40077,Latimer County,OK,South,3,-43.23,80.28,37.04
26123,Newaygo County,MI,Midwest,9,-43.22,92.94,49.72
47095,Lake County,TN,South,1,-43.21,93.94,50.73
35017,Grant County,NM,Mountain,4,-43.17,75.42,32.25
06049,Modoc County,CA,California,4,-43.1,84.83,41.73
31147,Richardson County,NE,Midwest,2,-43.08,63.7,20.63
08111,San Juan County,CO,Mountain,1,-43.06,43.13,0.06
55119,Taylor County,WI,Midwest,3,-43.04,53.93,10.89
38023,Divide County,ND,Midwest,1,-43.02,52.49,9.46
51133,Northumberland County,VA,South,1,-42.98,97.02,54.04
21027,Breckinridge County,KY,South,2,-42.91,95.1,52.19
38071,Ramsey County,ND,Midwest,3,-42.69,85.55,42.86
55129,Washburn County,WI,Midwest,5,-42.56,51.53,8.98
21095,Harlan County,KY,South,2,-42.37,96.26,53.89
18009,Blackford County,IN,Midwest,1,-42.19,88.94,46.75
47003,Bedford County,TN,South,3,-42.16,97.02,54.87
13235,Pulaski County,GA,South,1,-42.12,79.37,37.25
02090,Fairbanks North Star Borough,AK,Pacific Northwest,7,-42.1,53.67,11.57
47127,Moore County,TN,South,1,-42.08,65.89,23.81
18151,Steuben County,IN,Midwest,2,-41.9,69.52,27.62
47101,Lewis County,TN,South,1,-41.88,92.46,50.58
29217,Vernon County,MO,Midwest,5,-41.84,91.6,49.76
35053,Socorro County,NM,Mountain,2,-41.7,98.74,57.05
39121,Noble County,OH,Midwest,2,-41.69,67.85,26.16
18149,Starke County,IN,Midwest,3,-41.67,78.25,36.58
21119,Knott County,KY,South,2,-41.57,95.75,54.18
32021,Mineral County,NV,Mountain,1,-41.46,52.49,11.02
51750,Radford city,VA,South,1,-41.42,69.81,28.39
51530,Buena Vista city,VA,South,1,-41.34,82.09,40.75
51720,Norton city,VA,South,1,-41.31,90.82,49.51
35027,Lincoln County,NM,Mountain,5,-41.29,97.68,56.39
51131,Northampton County,VA,South,1,-41.27,88.94,47.67
54097,Upshur County,WV,South,1,-41.18,65.89,24.71
54027,Hampshire County,WV,South,1,-41.18,65.89,24.71
48007,Aransas County,TX,South,1,-41.16,98.62,57.46
12065,Jefferson County,FL,South,3,-41.16,82.09,40.93
47135,Perry County,TN,South,1,-41.15,97.02,55.87
38027,Eddy County,ND,Midwest,1,-41.1,84.56,43.46
01065,Hale County,AL,South,3,-41.04,95.59,54.54
47111,Macon County,TN,South,2,-41.04,94.36,53.32
47173,Union County,TN,South,2,-41.03,92.46,51.43
08121,Washington County,CO,Mountain,5,-41.0,87.02,46.02
48307,McCulloch County,TX,South,1,-40.78,97.64,56.86
05003,Ashley County,AR,South,2,-40.75,87.9,47.15
49025,Kane County,UT,Mountain,4,-40.73,55.74,15.01
18171,Warren County,IN,Midwest,1,-40.63,61.52,20.89
39047,Fayette County,OH,Midwest,2,-40.58,74.74,34.16
18023,Clinton County,IN,Midwest,4,-40.58,90.2,49.62
21009,Barren County,KY,South,6,-40.51,90.95,50.45
13131,Grady County,GA,South,1,-40.5,84.56,44.06
55013,Burnett County,WI,Midwest,3,-40.24,49.29,9.05
47033,Crockett County,TN,South,1,-40.19,79.37,39.17
13181,Lincoln County,GA,South,1,-40.15,92.46,52.31
48289,Leon County,TX,South,5,-40.14,88.82,48.68
26003,Alger County,MI,Midwest,2,-40.06,61.52,21.46
21197,Powell County,KY,South,2,-39.98,96.28,56.3
39171,Williams County,OH,Midwest,7,-39.95,69.17,29.22
49017,Garfield County,UT,Mountain,3,-39.93,69.81,29.88
51091,Highland County,VA,South,1,-39.91,84.56,44.66
05027,Columbia County,AR,South,3,-39.9,85.96,46.07
35011,De Baca County,NM,Mountain,1,-39.89,97.02,57.14
26129,Ogemaw County,MI,Midwest,2,-39.63,65.66,26.03
08107,Routt County,CO,Mountain,4,-39.56,83.12,43.57
21001,Adair County,KY,South,2,-39.54,93.2,53.66
26069,Iosco County,MI,Midwest,5,-39.52,64.92,25.41
54095,Tyler County,WV,South,1,-39.42,88.94,49.51
21007,Ballard County,KY,South,2,-39.39,90.7,51.31
17003,Alexander County,IL,Midwest,4,-39.39,98.25,58.86
22077,Pointe Coupee Parish,LA,South,1,-39.39,90.82,51.43
21085,Grayson County,KY,South,3,-39.38,88.74,49.36
40011,Blaine County,OK,South,5,-39.37,96.1,56.73
47055,Giles County,TN,South,2,-39.35,77.85,38.5
48133,Eastland County,TX,South,6,-39.23,95.37,56.14
47015,Cannon County,TN,South,1,-39.22,65.89,26.67
48043,Brewster County,TX,South,1,-39.21,69.81,30.6
31111,Lincoln County,NE,Midwest,6,-39.18,83.33,44.14
40107,Okfuskee County,OK,South,4,-39.14,94.8,55.66
47085,Humphreys County,TN,South,2,-39.07,93.94,54.87
22127,Winn Parish,LA,South,1,-39.06,97.64,58.58
51187,Warren County,VA,South,2,-38.89,86.86,47.97
12085,Martin County,FL,South,9,-38.54,54.45,15.91
47137,Pickett County,TN,South,1,-38.5,52.49,13.98
29073,Gasconade County,MO,Midwest,2,-38.36,69.81,31.45
31113,Logan County,NE,Midwest,1,-38.34,79.37,41.03
22061,Lincoln Parish,LA,South,2,-38.26,79.21,40.95
47171,Unicoi County,TN,South,1,-38.22,97.64,59.42
13145,Harris County,GA,South,1,-38.2,57.13,18.93
06035,Lassen County,CA,California,7,-38.18,71.65,33.47
47091,Johnson County,TN,South,1,-38.06,93.94,55.87
54101,Webster County,WV,South,1,-37.92,86.86,48.94
54087,Roane County,WV,South,1,-37.7,84.56,46.86
26019,Benzie County,MI,Midwest,3,-37.7,43.13,5.43
40033,Cotton County,OK,South,3,-37.59,92.01,54.43
21091,Hancock County,KY,South,2,-37.55,87.69,50.14
30105,Valley County,MT,Mountain,5,-37.41,41.07,3.66
54023,Grant County,WV,South,1,-37.4,65.89,28.48
26039,Crawford County,MI,Midwest,2,-37.33,69.81,32.48
05079,Lincoln County,AR,South,1,-37.3,52.49,15.19
54093,Tucker County,WV,South,1,-37.26,76.33,39.07
47163,Sullivan County,TN,South,5,-37.23,77.32,40.09
48331,Milam County,TX,South,4,-37.22,88.31,51.1
51063,Floyd County,VA,South,1,-37.19,73.16,35.97
18101,Martin County,IN,Midwest,2,-37.1,89.66,52.56
27071,Koochiching County,MN,Midwest,5,-36.94,51.53,14.59
55135,Waupaca County,WI,Midwest,8,-36.93,61.37,24.44
13191,McIntosh County,GA,South,1,-36.89,95.25,58.36
41021,Gilliam County,OR,Pacific Northwest,1,-36.85,65.89,29.04
13201,Miller County,GA,South,1,-36.85,96.26,59.42
47013,Campbell County,TN,South,6,-36.81,78.86,42.05
54035,Jackson County,WV,South,2,-36.65,50.13,13.48
05103,Ouachita County,AR,South,3,-36.62,82.01,45.39
47005,Benton County,TN,South,3,-36.62,81.18,44.56
21193,Perry County,KY,South,3,-36.62,85.33,48.71
47039,Decatur County,TN,South,1,-36.58,92.46,55.87
38029,Emmons County,ND,Midwest,3,-36.51,52.38,15.87
21133,Letcher County,KY,South,3,-36.48,92.95,56.47
18175,Washington County,IN,Midwest,3,-36.44,79.26,42.82
02063,Chugach Census Area,AK,Pacific Northwest,2,-36.43,49.56,13.12
37017,Bladen County,NC,South,4,-36.35,94.7,58.35
01099,Monroe County,AL,South,2,-36.32,97.6,61.28
23009,Hancock County,ME,Northeast,5,-36.19,50.48,14.29
01007,Bibb County,AL,South,3,-36.09,81.16,45.07
54047,McDowell County,WV,South,2,-36.07,97.91,61.84
37029,Camden County,NC,South,2,-36.02,49.56,13.54
27107,Norman County,MN,Midwest,2,-35.81,84.56,48.76
21081,Grant County,KY,South,2,-35.73,92.46,56.73
08071,Las Animas County,CO,Mountain,4,-35.6,81.84,46.25
13085,Dawson County,GA,South,1,-35.58,76.33,40.75
21013,Bell County,KY,South,5,-35.55,96.21,60.66
42053,Forest County,PA,Northeast,2,-35.49,65.89,30.4
26071,Iron County,MI,Midwest,1,-35.36,73.16,37.8
21057,Cumberland County,KY,South,1,-35.36,93.94,58.58
13165,Jenkins County,GA,South,1,-35.22,97.02,61.81
51109,Louisa County,VA,South,1,-35.15,57.13,21.98
37115,Madison County,NC,South,3,-35.14,67.2,32.06
51021,Bland County,VA,South,1,-35.13,73.16,38.03
30013,Cascade County,MT,Mountain,7,-35.04,72.32,37.28
21055,Crittenden County,KY,South,2,-35.04,95.1,60.07
05075,Lawrence County,AR,South,4,-35.02,71.48,36.46
51009,Amherst County,VA,South,1,-35.0,92.46,57.46
47121,Meigs County,TN,South,1,-34.95,90.82,55.87
21123,Larue County,KY,South,1,-34.9,88.94,54.04
51595,Emporia city,VA,South,1,-34.88,97.64,62.76
37121,Mitchell County,NC,South,1,-34.85,61.52,26.67
47143,Rhea County,TN,South,1,-34.84,92.46,57.61
48297,Live Oak County,TX,South,2,-34.83,97.44,62.61
21019,Boyd County,KY,South,8,-34.8,92.34,57.53
51139,Page County,VA,South,2,-34.8,65.89,31.09
48069,Castro County,TX,South,1,-34.75,95.25,60.5
05097,Montgomery County,AR,South,2,-34.72,47.81,13.09
29211,Sullivan County,MO,Midwest,3,-34.7,64.43,29.73
26001,Alcona County,MI,Midwest,1,-34.6,61.52,26.92
47139,Polk County,TN,South,2,-34.59,93.03,58.45
48275,Knox County,TX,South,1,-34.46,86.86,52.4
13283,Treutlen County,GA,South,1,-34.46,96.26,61.81
21141,Logan County,KY,South,4,-34.43,92.83,58.39
37177,Tyrrell County,NC,South,1,-34.42,43.13,8.71
39051,Fulton County,OH,Midwest,7,-34.4,65.05,30.65
02170,Matanuska-Susitna Borough,AK,Pacific Northwest,11,-34.35,51.06,16.71
01075,Lamar County,AL,South,1,-34.34,52.49,18.15
42103,Pike County,PA,Northeast,3,-34.33,58.5,24.17
55051,Iron County,WI,Midwest,1,-34.29,38.26,3.97
13229,Pierce County,GA,South,1,-34.21,82.09,47.88
26137,Otsego County,MI,Midwest,2,-34.19,49.89,15.7
29141,Morgan County,MO,Midwest,2,-34.12,96.64,62.52
22107,Tensas Parish,LA,South,1,-34.04,99.02,64.98
48207,Haskell County,TX,South,1,-34.02,97.64,63.61
49029,Morgan County,UT,Mountain,1,-34.02,43.13,9.11
08003,Alamosa County,CO,Mountain,3,-33.98,86.65,52.67
18123,Perry County,IN,Midwest,2,-33.98,71.48,37.51
37095,Hyde County,NC,South,1,-33.97,43.13,9.15
48347,Nacogdoches County,TX,South,7,-33.89,84.69,50.8
54063,Monroe County,WV,South,1,-33.84,47.78,13.94
06023,Humboldt County,CA,California,22,-33.65,48.05,14.4
02020,Anchorage Municipality,AK,Pacific Northwest,16,-33.63,53.53,19.9
22123,West Carroll Parish,LA,South,1,-33.63,86.86,53.23
23021,Piscataquis County,ME,Northeast,2,-33.57,65.14,31.57
16037,Custer County,ID,Mountain,2,-33.55,43.02,9.47
40045,Ellis County,OK,South,3,-33.38,92.21,58.83
26141,Presque Isle County,MI,Midwest,4,-33.36,57.07,23.71
33003,Carroll County,NH,Northeast,4,-33.34,35.9,2.56
55027,Dodge County,WI,Midwest,13,-33.07,52.45,19.38
26009,Antrim County,MI,Midwest,4,-33.06,41.74,8.68
48501,Yoakum County,TX,South,2,-33.04,80.73,47.69
47151,Scott County,TN,South,2,-33.0,95.75,62.75
13027,Brooks County,GA,South,2,-33.0,93.94,60.94
55083,Oconto County,WI,Midwest,6,-32.92,50.15,17.23
55037,Florence County,WI,Midwest,1,-32.8,61.52,28.72
13225,Peach County,GA,South,1,-32.58,82.09,49.51
30045,Judith Basin County,MT,Mountain,3,-32.47,49.35,16.88
48123,DeWitt County,TX,South,3,-32.44,95.15,62.71
18079,Jennings County,IN,Midwest,1,-32.36,90.82,58.46
41027,Hood River County,OR,Pacific Northwest,1,-32.35,43.13,10.78
05059,Hot Spring County,AR,South,6,-32.31,65.81,33.5
40035,Craig County,OK,South,4,-32.28,96.79,64.51
05049,Fulton County,AR,South,3,-32.08,64.43,32.35
54065,Morgan County,WV,South,2,-32.07,58.14,26.07
08009,Baca County,CO,Mountain,5,-32.05,58.74,26.69
25007,Dukes County,MA,Northeast,1,-32.04,33.22,1.18
48225,Houston County,TX,South,4,-32.04,97.52,65.49
26085,Lake County,MI,Midwest,1,-32.0,76.33,44.33
28043,Grenada County,MS,South,3,-31.99,97.02,65.03
18021,Clay County,IN,Midwest,2,-31.86,92.46,60.6
48083,Coleman County,TX,South,2,-31.84,96.44,64.6
21087,Green County,KY,South,3,-31.83,93.77,61.94
54031,Hardy County,WV,South,2,-31.78,67.85,36.06
21089,Greenup County,KY,South,6,-31.76,70.96,39.21
51023,Botetourt County,VA,South,2,-31.69,45.37,13.68
22091,St. Helena Parish,LA,South,1,-31.69,97.64,65.95
02100,Haines Borough,AK,Pacific Northwest,1,-31.68,33.22,1.54
01129,Washington County,AL,South,3,-31.65,91.91,60.26
21239,Woodford County,KY,South,2,-31.62,67.34,35.71
13125,Glascock County,GA,South,1,-31.62,65.89,34.27
28009,Benton County,MS,South,2,-31.53,63.47,31.94
13123,Gilmer County,GA,South,1,-31.48,76.33,44.85
45065,McCormick County,SC,South,2,-31.43,69.52,38.09
18143,Scott County,IN,Midwest,2,-31.41,90.82,59.41
20037,Crawford County,KS,Midwest,6,-31.41,59.32,27.92
21023,Bracken County,KY,South,1,-31.4,90.82,59.42
54057,Mineral County,WV,South,2,-31.39,45.37,13.98
41065,Wasco County,OR,Pacific Northwest,2,-31.33,54.65,23.32
35051,Sierra County,NM,Mountain,1,-31.25,65.89,34.64
37199,Yancey County,NC,South,1,-31.24,61.52,30.28
31157,Scotts Bluff County,NE,Midwest,7,-31.21,91.0,59.78
21063,Elliott County,KY,South,1,-31.18,93.94,62.76
12111,St. Lucie County,FL,South,13,-31.12,81.94,50.82
21107,Hopkins County,KY,South,5,-31.08,73.12,42.04
05111,Poinsett County,AR,South,5,-31.07,85.4,54.33
16021,Boundary County,ID,Mountain,1,-30.91,38.26,7.35
08061,Kiowa County,CO,Mountain,2,-30.9,67.85,36.95
55115,Shawano County,WI,Midwest,6,-30.81,87.42,56.61
26109,Menominee County,MI,Midwest,4,-30.78,37.23,6.45
51083,Halifax County,VA,South,1,-30.78,90.82,60.04
06009,Calaveras County,CA,California,7,-30.71,35.32,4.61
36025,Delaware County,NY,Northeast,5,-30.69,54.64,23.95
18061,Harrison County,IN,Midwest,4,-30.68,46.59,15.91
40065,Jackson County,OK,South,5,-30.58,95.46,64.88
47123,Monroe County,TN,South,3,-30.54,91.23,60.69
37009,Ashe County,NC,South,2,-30.54,71.81,41.26
22101,St. Mary Parish,LA,South,5,-30.51,90.93,60.42
13163,Jefferson County,GA,South,1,-30.46,99.31,68.85
37055,Dare County,NC,South,4,-30.45,54.44,23.99
48255,Karnes County,TX,South,5,-30.41,97.46,67.05
22021,Caldwell Parish,LA,South,1,-30.28,97.02,66.74
36031,Essex County,NY,Northeast,4,-30.28,51.22,20.95
42035,Clinton County,PA,Northeast,3,-30.28,84.64,54.36
45001,Abbeville County,SC,South,4,-30.25,70.46,40.21
29055,Crawford County,MO,Midwest,3,-30.07,82.01,51.93
51019,Bedford County,VA,South,3,-30.06,63.93,33.87
39069,Henry County,OH,Midwest,5,-30.03,68.91,38.88
48239,Jackson County,TX,South,4,-29.98,81.35,51.37
26011,Arenac County,MI,Midwest,2,-29.84,59.19,29.35
56019,Johnson County,WY,Mountain,2,-29.83,52.46,22.63
02195,Petersburg Borough,AK,Pacific Northwest,1,-29.76,73.16,43.4
01093,Marion County,AL,South,6,-29.75,95.71,65.95
22085,Sabine Parish,LA,South,2,-29.67,93.2,63.52
48333,Mills County,TX,South,1,-29.66,96.26,66.6
26089,Leelanau County,MI,Midwest,1,-29.62,43.13,13.51
22099,St. Martin Parish,LA,South,4,-29.56,87.18,57.62
48413,Schleicher County,TX,South,1,-29.45,52.49,23.04
22121,West Baton Rouge Parish,LA,South,2,-29.44,84.56,55.12
01103,Morgan County,AL,South,12,-29.43,74.38,44.96
26101,Manistee County,MI,Midwest,5,-29.42,58.63,29.22
40139,Texas County,OK,South,7,-29.41,80.39,50.99
40069,Johnston County,OK,South,5,-29.32,90.77,61.45
26047,Emmet County,MI,Midwest,3,-29.29,42.79,13.5
18045,Fountain County,IN,Midwest,4,-29.26,78.53,49.27
01131,Wilcox County,AL,South,1,-29.25,99.51,70.25
13047,Catoosa County,GA,South,3,-29.23,69.22,39.98
51065,Fluvanna County,VA,South,1,-29.18,82.09,52.91
55057,Juneau County,WI,Midwest,9,-29.15,63.12,33.97
06005,Amador County,CA,California,4,-29.01,38.0,8.99
13025,Brantley County,GA,South,1,-28.96,93.94,64.98
21155,Marion County,KY,South,2,-28.92,79.37,50.45
47159,Smith County,TN,South,2,-28.87,89.88,61.01
26097,Mackinac County,MI,Midwest,1,-28.83,73.16,44.32
36105,Sullivan County,NY,Northeast,7,-28.83,53.05,24.23
13243,Randolph County,GA,South,1,-28.77,99.02,70.25
26133,Osceola County,MI,Midwest,4,-28.72,65.78,37.05
08073,Lincoln County,CO,Mountain,2,-28.72,52.46,23.74
26105,Mason County,MI,Midwest,5,-28.69,57.84,29.14
18125,Pike County,IN,Midwest,1,-28.68,79.37,50.69
13307,Webster County,GA,South,1,-28.65,97.64,68.99
13239,Quitman County,GA,South,1,-28.64,99.02,70.38
32029,Storey County,NV,Mountain,1,-28.47,38.26,9.79
32017,Lincoln County,NV,Mountain,3,-28.46,50.9,22.44
26053,Gogebic County,MI,Midwest,2,-28.26,38.1,9.84
21233,Webster County,KY,South,2,-28.25,93.2,64.95
13289,Twiggs County,GA,South,1,-28.17,93.94,65.76
13187,Lumpkin County,GA,South,1,-28.13,84.56,56.43
51025,Brunswick County,VA,South,1,-28.09,97.64,69.55
41007,Clatsop County,OR,Pacific Northwest,5,-28.04,42.12,14.08
55137,Waushara County,WI,Midwest,4,-28.01,48.89,20.88
02150,Kodiak Island Borough,AK,Pacific Northwest,1,-28.01,52.49,24.48
37079,Greene County,NC,South,2,-28.0,88.94,60.94
47007,Bledsoe County,TN,South,1,-27.99,93.94,65.95
25019,Nantucket County,MA,Northeast,1,-27.89,28.3,0.41
51640,Galax city,VA,South,1,-27.82,84.56,56.74
16009,Benewah County,ID,Mountain,3,-27.81,53.93,26.12
48159,Franklin County,TX,South,1,-27.72,95.25,67.52
13211,Morgan County,GA,South,1,-27.69,57.13,29.44
37103,Jones County,NC,South,1,-27.65,33.22,5.57
31005,Arthur County,NE,Midwest,1,-27.6,47.78,20.18
30021,Dawson County,MT,Mountain,2,-27.59,28.3,0.72
38037,Grant County,ND,Midwest,1,-27.5,43.13,15.63
48089,Colorado County,TX,South,5,-27.48,82.54,55.06
39039,Defiance County,OH,Midwest,5,-27.47,71.0,43.52
51031,Campbell County,VA,South,4,-27.37,79.58,52.21
37143,Perquimans County,NC,South,1,-27.36,61.52,34.16
05001,Arkansas County,AR,South,3,-27.35,76.28,48.93
41041,Lincoln County,OR,Pacific Northwest,5,-27.35,45.76,18.41
05037,Cross County,AR,South,2,-27.35,85.71,58.37
08029,Delta County,CO,Mountain,6,-27.29,53.7,26.4
05065,Izard County,AR,South,4,-27.28,59.26,31.98
13003,Atkinson County,GA,South,1,-27.24,96.26,69.02
08055,Huerfano County,CO,Mountain,2,-27.19,64.41,37.22
18147,Spencer County,IN,Midwest,2,-27.18,64.41,37.23
21163,Meade County,KY,South,5,-27.16,74.4,47.24
54013,Calhoun County,WV,South,1,-27.13,88.94,61.81
23029,Washington County,ME,Northeast,6,-27.12,56.13,29.01
12055,Highlands County,FL,South,4,-27.11,85.0,57.88
47107,McMinn County,TN,South,2,-27.03,76.33,49.29
20185,Stafford County,KS,Midwest,3,-27.02,31.73,4.71
23015,Lincoln County,ME,Northeast,3,-26.87,50.9,24.03
26153,Schoolcraft County,MI,Midwest,2,-26.86,69.81,42.95
37173,Swain County,NC,South,2,-26.77,95.75,68.98
21061,Edmonson County,KY,South,1,-26.77,57.13,30.37
50005,Caledonia County,VT,Northeast,1,-26.69,33.22,6.53
55039,Fond du Lac County,WI,Midwest,8,-26.58,51.34,24.76
45015,Berkeley County,SC,South,10,-26.55,67.06,40.51
29133,Mississippi County,MO,Midwest,3,-26.4,95.25,68.84
13257,Stephens County,GA,South,1,-26.39,95.25,68.85
46103,Pennington County,SD,Midwest,9,-26.38,75.46,49.08
24047,Worcester County,MD,South,3,-26.34,65.74,39.4
38005,Benson County,ND,Midwest,5,-26.31,92.02,65.71
47017,Carroll County,TN,South,5,-26.29,81.0,54.72
21165,Menifee County,KY,South,2,-26.25,80.01,53.76
12051,Hendry County,FL,South,2,-26.23,96.06,69.82
30001,Beaverhead County,MT,Mountain,2,-26.2,47.81,21.6
28015,Carroll County,MS,South,1,-26.19,97.02,70.84
40149,Washita County,OK,South,4,-26.12,74.74,48.62
23017,Oxford County,ME,Northeast,6,-26.11,43.52,17.4
38009,Bottineau County,ND,Midwest,3,-26.1,36.58,10.48
54067,Nicholas County,WV,South,2,-26.02,74.74,48.72
12029,Dixie County,FL,South,1,-26.01,96.26,70.25
22037,East Feliciana Parish,LA,South,3,-26.0,92.95,66.95
28143,Tunica County,MS,South,3,-25.98,95.59,69.61
26079,Kalkaska County,MI,Midwest,2,-25.8,47.81,22.01
54053,Mason County,WV,South,3,-25.75,67.2,41.44
51197,Wythe County,VA,South,3,-25.65,78.21,52.55
47081,Hickman County,TN,South,2,-25.65,81.97,56.31
48463,Uvalde County,TX,South,4,-25.62,98.72,73.1
28057,Itawamba County,MS,South,2,-25.58,88.84,63.26
21041,Carroll County,KY,South,4,-25.53,95.68,70.15
54059,Mingo County,WV,South,2,-25.51,85.71,60.2
47103,Lincoln County,TN,South,2,-25.49,76.26,50.77
22003,Allen Parish,LA,South,3,-25.49,90.74,65.25
13107,Emanuel County,GA,South,2,-25.48,86.86,61.38
21169,Metcalfe County,KY,South,1,-25.35,82.09,56.74
31015,Boyd County,NE,Midwest,1,-25.32,43.13,17.81
26031,Cheboygan County,MI,Midwest,4,-25.26,62.43,37.17
22001,Acadia Parish,LA,South,6,-25.24,83.16,57.92
30009,Carbon County,MT,Mountain,6,-25.23,34.18,8.95
02066,Copper River Census Area,AK,Pacific Northwest,1,-25.08,73.16,48.07
18077,Jefferson County,IN,Midwest,2,-25.07,77.85,52.78
21175,Morgan County,KY,South,3,-25.06,89.57,64.51
13291,Union County,GA,South,1,-25.05,76.33,51.28
35059,Union County,NM,Mountain,3,-25.03,76.28,51.25
21199,Pulaski County,KY,South,5,-25.01,78.76,53.75
35005,Chaves County,NM,Mountain,8,-25.0,90.92,65.92
48281,Lampasas County,TX,South,1,-24.96,69.81,44.85
13205,Mitchell County,GA,South,2,-24.89,93.54,68.65
21127,Lawrence County,KY,South,1,-24.87,90.82,65.95
02110,Juneau City and Borough,AK,Pacific Northwest,4,-24.84,35.74,10.9
48223,Hopkins County,TX,South,4,-24.73,76.22,51.48
35019,Guadalupe County,NM,Mountain,3,-24.68,77.91,53.24
02130,Ketchikan Gateway Borough,AK,Pacific Northwest,2,-24.66,59.32,34.67
40075,Kiowa County,OK,South,4,-24.65,79.91,55.25
37131,Northampton County,NC,South,1,-24.65,88.94,64.29
06039,Madera County,CA,California,24,-24.62,77.92,53.3
48161,Freestone County,TX,South,4,-24.58,55.91,31.33
28077,Lawrence County,MS,South,2,-24.55,88.84,64.29
21215,Spencer County,KY,South,1,-24.55,73.16,48.6
29215,Texas County,MO,Midwest,7,-24.48,59.56,35.08
20105,Lincoln County,KS,Midwest,2,-24.42,33.22,8.81
26061,Houghton County,MI,Midwest,5,-24.34,30.6,6.25
35029,Luna County,NM,Mountain,4,-24.34,97.29,72.96
47061,Grundy County,TN,South,1,-24.3,92.46,68.16
06003,Alpine County,CA,California,1,-24.28,69.81,45.53
47153,Sequatchie County,TN,South,1,-24.26,95.25,70.98
02180,Nome Census Area,AK,Pacific Northwest,1,-24.23,69.81,45.58
05129,Searcy County,AR,South,2,-24.22,61.51,37.29
16059,Lemhi County,ID,Mountain,2,-24.11,38.26,14.15
28041,Greene County,MS,South,2,-24.07,33.22,9.15
28097,Montgomery County,MS,South,2,-24.05,97.64,73.59
27115,Pine County,MN,Midwest,10,-24.03,39.37,15.34
08091,Ouray County,CO,Mountain,2,-24.02,38.26,14.24
05113,Polk County,AR,South,5,-24.0,53.42,29.41
37149,Polk County,NC,South,2,-24.0,52.49,28.48
20049,Elk County,KS,Midwest,1,-24.0,43.13,19.13
22053,Jefferson Davis Parish,LA,South,4,-23.98,90.76,66.78
48185,Grimes County,TX,South,4,-23.95,68.39,44.43
47043,Dickson County,TN,South,3,-23.92,64.43,40.51
27155,Traverse County,MN,Midwest,1,-23.89,33.22,9.33
01013,Butler County,AL,South,2,-23.84,97.64,73.79
18025,Crawford County,IN,Midwest,2,-23.82,80.45,56.62
13309,Wheeler County,GA,South,1,-23.8,69.81,46.01
28157,Wilkinson County,MS,South,2,-23.75,98.6,74.85
55005,Barron County,WI,Midwest,10,-23.75,40.58,16.83
04015,Mohave County,AZ,Mountain,25,-23.75,65.39,41.65
56009,Converse County,WY,Mountain,2,-23.73,63.58,39.84
55095,Polk County,WI,Midwest,8,-23.67,41.64,17.97
13083,Dade County,GA,South,1,-23.67,79.37,55.7
01109,Pike County,AL,South,7,-23.66,85.19,61.53
51800,Suffolk city,VA,South,3,-23.65,79.26,55.62
29181,Ripley County,MO,Midwest,3,-23.62,81.18,57.56
18111,Newton County,IN,Midwest,2,-23.59,52.46,28.87
54017,Doddridge County,WV,South,1,-23.53,95.25,71.72
20007,Barber County,KS,Midwest,2,-23.52,35.74,12.22
51075,Goochland County,VA,South,1,-23.49,43.13,19.64
29015,Benton County,MO,Midwest,3,-23.45,78.78,55.33
18181,White County,IN,Midwest,4,-23.45,68.43,44.98
40091,McIntosh County,OK,South,3,-23.45,71.98,48.53
06063,Plumas County,CA,California,8,-23.4,77.47,54.07
18159,Tipton County,IN,Midwest,2,-23.39,63.7,40.31
05061,Howard County,AR,South,3,-23.35,90.19,66.84
16049,Idaho County,ID,Mountain,4,-23.33,44.96,21.63
45031,Darlington County,SC,South,6,-23.32,95.5,72.18
16003,Adams County,ID,Mountain,1,-23.32,65.89,42.57
54049,Marion County,WV,South,3,-23.3,62.82,39.52
40117,Pawnee County,OK,South,2,-23.28,88.94,65.66
38011,Bowman County,ND,Midwest,2,-23.12,43.13,20.01
47165,Sumner County,TN,South,11,-23.07,51.99,28.92
46021,Campbell County,SD,Midwest,1,-23.01,28.3,5.29
46053,Gregory County,SD,Midwest,3,-22.97,30.05,7.08
49001,Beaver County,UT,Mountain,2,-22.95,92.46,69.51
54071,Pendleton County,WV,South,1,-22.95,69.81,46.86
42113,Sullivan County,PA,Northeast,1,-22.92,47.78,24.86
18027,Daviess County,IN,Midwest,3,-22.9,89.77,66.87
01111,Randolph County,AL,South,5,-22.9,56.2,33.31
51191,Washington County,VA,South,4,-22.89,65.78,42.88
35015,Eddy County,NM,Mountain,4,-22.87,79.61,56.74
41057,Tillamook County,OR,Pacific Northwest,4,-22.87,40.64,17.77
06017,El Dorado County,CA,California,11,-22.82,28.14,5.32
37117,Martin County,NC,South,4,-22.8,82.36,59.56
21093,Hardin County,KY,South,7,-22.79,62.77,39.98
30085,Roosevelt County,MT,Mountain,6,-22.75,96.44,73.69
06051,Mono County,CA,California,7,-22.74,55.36,32.62
51037,Charlotte County,VA,South,1,-22.68,82.09,59.42
06103,Tehama County,CA,California,8,-22.43,47.72,25.3
26095,Luce County,MI,Midwest,1,-22.39,61.52,39.13
40067,Jefferson County,OK,South,3,-22.39,95.59,73.2
38013,Burke County,ND,Midwest,3,-22.37,41.43,19.06
31061,Franklin County,NE,Midwest,1,-22.33,43.13,20.8
13087,Decatur County,GA,South,2,-22.3,89.88,67.58
42105,Potter County,PA,Northeast,4,-22.27,58.01,35.75
30033,Garfield County,MT,Mountain,1,-22.24,23.72,1.48
18017,Cass County,IN,Midwest,7,-22.18,93.82,71.64
51820,Waynesboro city,VA,South,1,-22.11,65.89,43.78
20033,Comanche County,KS,Midwest,1,-22.03,33.22,11.19
36035,Fulton County,NY,Northeast,5,-22.03,50.44,28.41
37163,Sampson County,NC,South,6,-21.96,83.71,61.75
16087,Washington County,ID,Mountain,4,-21.95,73.95,52.0
48429,Stephens County,TX,South,1,-21.93,69.81,47.88
54103,Wetzel County,WV,South,4,-21.93,79.84,57.92
27005,Becker County,MN,Midwest,9,-21.92,38.76,16.84
01025,Clarke County,AL,South,3,-21.91,94.71,72.8
05147,Woodruff County,AR,South,2,-21.9,54.81,32.91
04012,La Paz County,AZ,Mountain,5,-21.9,93.04,71.14
31029,Chase County,NE,Midwest,2,-21.83,33.28,11.45
34009,Cape May County,NJ,Northeast,7,-21.78,65.31,43.52
55023,Crawford County,WI,Midwest,5,-21.77,47.77,26.0
49015,Emery County,UT,Mountain,2,-21.76,40.69,18.93
22075,Plaquemines Parish,LA,South,2,-21.63,97.44,75.81
05053,Grant County,AR,South,2,-21.63,71.48,49.86
01035,Conecuh County,AL,South,3,-21.6,98.89,77.29
20189,Stevens County,KS,Midwest,3,-21.6,56.93,35.33
05025,Cleveland County,AR,South,2,-21.6,33.28,11.68
48465,Val Verde County,TX,South,5,-21.59,99.13,77.55
12053,Hernando County,FL,South,7,-21.55,66.06,44.51
48117,Deaf Smith County,TX,South,1,-21.5,98.17,76.67
48147,Fannin County,TX,South,8,-21.5,93.13,71.63
08049,Grand County,CO,Mountain,2,-21.46,40.69,19.23
21187,Owen County,KY,South,1,-21.46,76.33,54.87
22079,Rapides Parish,LA,South,7,-21.41,93.74,72.33
51620,Franklin city,VA,South,1,-21.39,90.82,69.43
05041,Desha County,AR,South,2,-21.39,98.62,77.23
05013,Calhoun County,AR,South,2,-21.37,57.13,35.76
47069,Hardeman County,TN,South,2,-21.37,89.88,68.51
40145,Wagoner County,OK,South,4,-21.34,62.43,41.09
38033,Golden Valley County,ND,Midwest,1,-21.28,38.26,16.98
40063,Hughes County,OK,South,6,-21.27,87.04,65.77
47075,Haywood County,TN,South,1,-21.27,90.82,69.55
51175,Southampton County,VA,South,1,-21.26,52.49,31.23
47053,Gibson County,TN,South,7,-21.25,73.53,52.29
48049,Brown County,TX,South,8,-21.23,88.29,67.06
30057,Madison County,MT,Mountain,4,-21.22,33.01,11.79
01081,Lee County,AL,South,6,-21.22,70.93,49.72
27021,Cass County,MN,Midwest,9,-21.16,60.24,39.08
37011,Avery County,NC,South,2,-21.16,59.19,38.03
32023,Nye County,NV,Mountain,6,-21.14,84.43,63.29
19161,Sac County,IA,Midwest,1,-21.14,28.3,7.17
45017,Calhoun County,SC,South,1,-21.13,84.56,63.44
12013,Calhoun County,FL,South,1,-21.13,84.56,63.44
13001,Appling County,GA,South,1,-21.13,97.02,75.9
08099,Prowers County,CO,Mountain,3,-21.04,62.97,41.93
37113,Macon County,NC,South,3,-21.03,60.06,39.03
27035,Crow Wing County,MN,Midwest,6,-21.03,42.02,21.0
05139,Union County,AR,South,5,-20.98,88.32,67.34
05137,Stone County,AR,South,3,-20.89,69.62,48.73
24023,Garrett County,MD,South,2,-20.86,54.65,33.79
18133,Putnam County,IN,Midwest,5,-20.83,47.75,26.92
18113,Noble County,IN,Midwest,4,-20.8,85.89,65.09
13119,Franklin County,GA,South,1,-20.79,79.37,58.58
51057,Essex County,VA,South,1,-20.77,95.25,74.47
21219,Todd County,KY,South,2,-20.76,96.64,75.88
02220,Sitka City and Borough,AK,Pacific Northwest,3,-20.72,33.24,12.52
06047,Merced County,CA,California,27,-20.65,81.23,60.59
13299,Ware County,GA,South,1,-20.62,92.46,71.84
45019,Charleston County,SC,South,23,-20.61,78.21,57.6
46091,Marshall County,SD,Midwest,4,-20.6,39.44,18.83
20021,Cherokee County,KS,Midwest,5,-20.59,53.13,32.54
29087,Holt County,MO,Midwest,3,-20.53,36.52,15.99
27009,Benton County,MN,Midwest,7,-20.44,45.02,24.58
40025,Cimarron County,OK,South,2,-20.44,76.33,55.89
51155,Pulaski County,VA,South,1,-20.43,52.49,32.06
21173,Montgomery County,KY,South,4,-20.4,91.23,70.83
45089,Williamsburg County,SC,South,3,-20.36,98.37,78.02
45039,Fairfield County,SC,South,2,-20.35,90.82,70.47
05051,Garland County,AR,South,8,-20.28,80.77,60.48
13213,Murray County,GA,South,3,-20.28,74.11,53.83
01085,Lowndes County,AL,South,4,-20.25,98.62,78.37
37093,Hoke County,NC,South,3,-20.2,80.17,59.97
27011,Big Stone County,MN,Midwest,4,-20.19,48.75,28.56
27029,Clearwater County,MN,Midwest,3,-20.13,44.61,24.48
05109,Pike County,AR,South,4,-20.1,51.31,31.21
13251,Screven County,GA,South,1,-20.08,88.94,68.85
56007,Carbon County,WY,Mountain,4,-20.08,86.46,66.38
22029,Concordia Parish,LA,South,2,-20.08,98.97,78.89
05019,Clark County,AR,South,2,-20.05,52.32,32.27
05045,Faulkner County,AR,South,6,-20.04,64.18,44.14
16033,Clark County,ID,Mountain,1,-20.04,96.26,76.22
01005,Barbour County,AL,South,3,-20.03,90.19,70.16
21011,Bath County,KY,South,2,-20.0,69.52,49.53
33007,Coos County,NH,Northeast,6,-19.98,34.3,14.32
37187,Washington County,NC,South,2,-19.98,77.85,57.87
40151,Woods County,OK,South,3,-19.94,33.22,13.28
39117,Morrow County,OH,Midwest,5,-19.9,54.28,34.38
23025,Somerset County,ME,Northeast,7,-19.86,73.91,54.05
13005,Bacon County,GA,South,1,-19.84,90.82,70.98
21145,McCracken County,KY,South,3,-19.82,75.23,55.41
46107,Potter County,SD,Midwest,2,-19.81,33.22,13.41
18117,Orange County,IN,Midwest,4,-19.81,68.69,48.87
27111,Otter Tail County,MN,Midwest,13,-19.8,31.93,12.14
50027,Windsor County,VT,Northeast,7,-19.76,32.26,12.49
13311,White County,GA,South,2,-19.73,77.85,58.12
21159,Martin County,KY,South,2,-19.7,96.26,76.56
51185,Tazewell County,VA,South,3,-19.65,80.28,60.63
21105,Hickman County,KY,South,1,-19.6,61.52,41.92
51103,Lancaster County,VA,South,2,-19.59,87.69,68.11
29129,Mercer County,MO,Midwest,2,-19.58,45.45,25.87
47131,Obion County,TN,South,3,-19.51,93.39,73.87
26029,Charlevoix County,MI,Midwest,6,-19.45,38.14,18.69
02275,Wrangell City and Borough,AK,Pacific Northwest,1,-19.37,61.52,42.15
48493,Wilson County,TX,South,7,-19.34,67.75,48.41
45029,Colleton County,SC,South,2,-19.33,95.75,76.42
13079,Crawford County,GA,South,1,-19.32,79.37,60.04
21077,Gallatin County,KY,South,1,-19.32,79.37,60.04
13101,Echols County,GA,South,1,-19.31,97.02,77.71
45061,Lee County,SC,South,2,-19.28,93.94,74.66
27153,Todd County,MN,Midwest,4,-19.27,45.41,26.15
30107,Wheatland County,MT,Mountain,2,-19.23,38.26,19.02
21203,Rockcastle County,KY,South,3,-19.23,77.34,58.11
16079,Shoshone County,ID,Mountain,2,-19.22,43.13,23.9
26135,Oscoda County,MI,Midwest,1,-19.18,84.56,65.39
01087,Macon County,AL,South,2,-19.16,99.02,79.86
01011,Bullock County,AL,South,2,-19.13,98.33,79.2
54001,Barbour County,WV,South,1,-19.12,73.16,54.04
06089,Shasta County,CA,California,26,-19.05,45.58,26.53
05095,Monroe County,AR,South,2,-19.04,86.75,67.71
20077,Harper County,KS,Midwest,3,-19.04,49.35,30.3
21229,Washington County,KY,South,3,-19.04,91.28,72.25
13267,Tattnall County,GA,South,1,-18.98,90.82,71.84
48353,Nolan County,TX,South,2,-18.92,96.64,77.72
28079,Leake County,MS,South,3,-18.92,96.97,78.06
05011,Bradley County,AR,South,3,-18.89,69.81,50.92
12015,Charlotte County,FL,South,6,-18.88,54.77,35.89
48421,Sherman County,TX,South,1,-18.88,73.16,54.28
21035,Calloway County,KY,South,5,-18.81,62.33,43.52
38039,Griggs County,ND,Midwest,1,-18.79,23.72,4.92
48395,Robertson County,TX,South,4,-18.74,83.64,64.9
01021,Chilton County,AL,South,4,-18.72,67.85,49.13
36113,Warren County,NY,Northeast,5,-18.71,29.93,11.23
06007,Butte County,CA,California,22,-18.71,43.4,24.69
12021,Collier County,FL,South,17,-18.7,62.05,43.35
13317,Wilkes County,GA,South,1,-18.6,98.62,80.02
47175,Van Buren County,TN,South,1,-18.6,93.94,75.34
22043,Grant Parish,LA,South,2,-18.54,69.52,50.98
46049,Faulk County,SD,Midwest,2,-18.53,26.26,7.73
26035,Clare County,MI,Midwest,5,-18.52,57.84,39.32
16015,Boise County,ID,Mountain,2,-18.52,40.4,21.87
02122,Kenai Peninsula Borough,AK,Pacific Northwest,9,-18.52,44.55,26.04
12093,Okeechobee County,FL,South,2,-18.48,86.86,68.38
48379,Rains County,TX,South,1,-18.48,61.52,43.04
54089,Summers County,WV,South,1,-18.48,61.52,43.04
48337,Montague County,TX,South,3,-18.47,82.77,64.3
37053,Currituck County,NC,South,2,-18.47,47.78,29.32
22007,Assumption Parish,LA,South,1,-18.45,96.26,77.81
48233,Hutchinson County,TX,South,3,-18.43,68.31,49.88
48093,Comanche County,TX,South,2,-18.42,61.52,43.1
13193,Macon County,GA,South,1,-18.35,97.64,79.29
47177,Warren County,TN,South,2,-18.34,74.74,56.4
37075,Graham County,NC,South,1,-18.34,47.78,29.44
21115,Johnson County,KY,South,2,-18.33,76.33,58.0
55021,Columbia County,WI,Midwest,10,-18.33,32.82,14.49
36049,Lewis County,NY,Northeast,4,-18.31,34.58,16.27
22109,Terrebonne Parish,LA,South,5,-18.31,90.07,71.77
46075,Jones County,SD,Midwest,1,-18.27,43.13,24.86
36123,Yates County,NY,Northeast,2,-18.25,59.32,41.07
29079,Grundy County,MO,Midwest,2,-18.2,50.13,31.94
35039,Rio Arriba County,NM,Mountain,5,-18.15,88.91,70.76
13271,Telfair County,GA,South,2,-18.11,98.13,80.01
24029,Kent County,MD,South,1,-18.11,76.33,58.22
35007,Colfax County,NM,Mountain,6,-18.08,97.33,79.25
02240,Southeast Fairbanks Census Area,AK,Pacific Northwest,1,-18.08,61.52,43.44
48391,Refugio County,TX,South,3,-18.07,97.97,79.89
05149,Yell County,AR,South,4,-18.02,72.59,54.57
48051,Burleson County,TX,South,3,-18.0,77.91,59.92
28135,Tallahatchie County,MS,South,4,-17.98,97.68,79.69
48283,La Salle County,TX,South,1,-17.92,99.69,81.77
12009,Brevard County,FL,South,22,-17.9,48.46,30.55
27077,Lake of the Woods County,MN,Midwest,1,-17.9,23.72,5.82
39115,Morgan County,OH,Midwest,1,-17.88,33.22,15.34
20123,Mitchell County,KS,Midwest,1,-17.85,33.22,15.37
04001,Apache County,AZ,Mountain,20,-17.76,98.92,81.16
22111,Union Parish,LA,South,1,-17.74,61.52,43.78
51775,Salem city,VA,South,1,-17.74,69.81,52.07
30097,Sweet Grass County,MT,Mountain,1,-17.69,19.3,1.61
30059,Meagher County,MT,Mountain,1,-17.69,19.3,1.61
13111,Fannin County,GA,South,1,-17.65,69.81,52.15
33019,Sullivan County,NH,Northeast,4,-17.58,26.05,8.47
17087,Johnson County,IL,Midwest,2,-17.57,42.85,25.29
37171,Surry County,NC,South,6,-17.55,59.98,42.42
06093,Siskiyou County,CA,California,17,-17.52,67.43,49.91
29035,Carter County,MO,Midwest,2,-17.52,54.81,37.29
47057,Grainger County,TN,South,3,-17.5,69.81,52.31
48293,Limestone County,TX,South,4,-17.45,96.99,79.54
36003,Allegany County,NY,Northeast,4,-17.42,33.32,15.9
48273,Kleberg County,TX,South,3,-17.37,86.86,69.49
06029,Kern County,CA,California,51,-17.37,84.06,66.69
12035,Flagler County,FL,South,4,-17.35,59.32,41.97
27041,Douglas County,MN,Midwest,6,-17.34,27.93,10.59
47031,Coffee County,TN,South,5,-17.31,66.49,49.18
37169,Stokes County,NC,South,5,-17.3,47.65,30.35
29037,Cass County,MO,Midwest,9,-17.28,49.71,32.43
16039,Elmore County,ID,Mountain,6,-17.28,42.31,25.04
22057,Lafourche Parish,LA,South,3,-17.22,79.07,61.85
05077,Lee County,AR,South,1,-17.18,98.62,81.44
20145,Pawnee County,KS,Midwest,1,-17.12,38.26,21.13
21153,Magoffin County,KY,South,1,-17.12,92.46,75.34
18109,Morgan County,IN,Midwest,4,-17.08,65.86,48.78
46045,Edmunds County,SD,Midwest,3,-17.06,19.47,2.41
53051,Pend Oreille County,WA,Pacific Northwest,4,-17.05,46.63,29.58
35021,Harding County,NM,Mountain,2,-17.05,74.74,57.69
55049,Iowa County,WI,Midwest,5,-16.93,36.15,19.22
33001,Belknap County,NH,Northeast,6,-16.91,38.11,21.2
54033,Harrison County,WV,South,5,-16.9,66.5,49.6
05115,Pope County,AR,South,6,-16.84,62.0,45.15
30067,Park County,MT,Mountain,3,-16.83,21.11,4.28
15001,Hawaii County,HI,Pacific Northwest,10,-16.8,55.18,38.38
28011,Bolivar County,MS,South,6,-16.8,97.82,81.02
38105,Williams County,ND,Midwest,6,-16.78,54.71,37.93
22105,Tangipahoa Parish,LA,South,7,-16.78,87.87,71.08
42047,Elk County,PA,Northeast,3,-16.76,35.03,18.27
21051,Clay County,KY,South,2,-16.74,94.59,77.85
21125,Laurel County,KY,South,6,-16.72,82.92,66.2
51630,Fredericksburg city,VA,South,1,-16.7,88.94,72.23
21211,Shelby County,KY,South,4,-16.69,65.52,48.83
50019,Orleans County,VT,Northeast,3,-16.69,44.68,27.99
13273,Terrell County,GA,South,1,-16.66,92.46,75.8
12081,Manatee County,FL,South,13,-16.62,63.75,47.13
36039,Greene County,NY,Northeast,5,-16.61,23.89,7.28
35047,San Miguel County,NM,Mountain,4,-16.56,83.26,66.71
45021,Cherokee County,SC,South,3,-16.54,86.09,69.55
48171,Gillespie County,TX,South,3,-16.48,73.16,56.68
05017,Chicot County,AR,South,3,-16.46,98.98,82.52
21047,Christian County,KY,South,5,-16.45,88.94,72.49
45043,Georgetown County,SC,South,4,-16.42,67.11,50.69
48025,Bee County,TX,South,3,-16.42,76.18,59.77
31145,Red Willow County,NE,Midwest,4,-16.36,43.13,26.76
01113,Russell County,AL,South,3,-16.31,96.81,80.5
21221,Trigg County,KY,South,2,-16.26,97.47,81.21
09160,Northwest Hills Planning Region,CT,Northeast,10,-16.24,30.29,14.06
31089,Holt County,NE,Midwest,4,-16.23,22.7,6.47
38001,Adams County,ND,Midwest,1,-16.22,43.13,26.91
29185,St. Clair County,MO,Midwest,3,-16.2,47.78,31.58
47183,Weakley County,TN,South,3,-16.2,57.13,40.93
38057,Mercer County,ND,Midwest,2,-16.16,43.02,26.87
20183,Smith County,KS,Midwest,2,-16.06,38.17,22.11
56027,Niobrara County,WY,Mountain,1,-16.03,19.3,3.27
55123,Vernon County,WI,Midwest,8,-16.02,52.17,36.14
01043,Cullman County,AL,South,11,-16.01,62.97,46.96
06011,Colusa County,CA,California,10,-16.0,76.63,60.63
08089,Otero County,CO,Mountain,6,-15.99,59.7,43.71
48315,Marion County,TX,South,1,-15.93,79.37,63.44
30053,Lincoln County,MT,Mountain,3,-15.89,44.55,28.66
12089,Nassau County,FL,South,4,-15.89,54.51,38.62
48169,Garza County,TX,South,2,-15.81,97.91,82.09
51029,Buckingham County,VA,South,1,-15.77,69.81,54.04
31183,Wheeler County,NE,Midwest,1,-15.73,33.22,17.49
48373,Polk County,TX,South,6,-15.73,89.85,74.12
19127,Marshall County,IA,Midwest,3,-15.69,64.9,49.21
48057,Calhoun County,TX,South,2,-15.69,87.9,72.21
31069,Garden County,NE,Midwest,1,-15.67,47.78,32.11
47155,Sevier County,TN,South,8,-15.65,58.23,42.57
40085,Love County,OK,South,3,-15.65,57.61,41.96
48001,Anderson County,TX,South,7,-15.64,72.65,57.01
12049,Hardee County,FL,South,2,-15.64,98.62,82.98
42127,Wayne County,PA,Northeast,2,-15.64,38.26,22.62
47185,White County,TN,South,1,-15.63,61.52,45.89
37041,Chowan County,NC,South,1,-15.63,61.52,45.89
47169,Trousdale County,TN,South,1,-15.63,61.52,45.89
12123,Taylor County,FL,South,3,-15.6,91.37,75.77
20141,Osborne County,KS,Midwest,3,-15.59,25.41,9.82
21039,Carlisle County,KY,South,1,-15.57,43.13,27.55
51135,Nottoway County,VA,South,1,-15.54,73.16,57.61
13207,Monroe County,GA,South,2,-15.52,75.23,59.7
26007,Alpena County,MI,Midwest,2,-15.49,40.5,25.01
29117,Livingston County,MO,Midwest,3,-15.47,69.62,54.15
12017,Citrus County,FL,South,9,-15.47,74.9,59.43
23023,Sagadahoc County,ME,Northeast,3,-15.45,39.75,24.3
08085,Montrose County,CO,Mountain,5,-15.41,47.45,32.04
38091,Steele County,ND,Midwest,2,-15.38,33.42,18.04
02060,Bristol Bay Borough,AK,Pacific Northwest,1,-15.35,84.56,69.22
27075,Lake County,MN,Midwest,2,-15.35,33.54,18.2
51015,Augusta County,VA,South,5,-15.34,23.82,8.48
37107,Lenoir County,NC,South,4,-15.34,95.29,79.95
30047,Lake County,MT,Mountain,6,-15.33,68.87,53.55
26063,Huron County,MI,Midwest,8,-15.3,39.93,24.63
01053,Escambia County,AL,South,6,-15.29,97.86,82.57
01119,Sumter County,AL,South,3,-15.27,98.17,82.91
01027,Clay County,AL,South,1,-15.24,52.49,37.25
22009,Avoyelles Parish,LA,South,4,-15.21,96.35,81.14
39147,Seneca County,OH,Midwest,7,-15.2,60.28,45.08
27121,Pope County,MN,Midwest,2,-15.18,19.3,4.12
13067,Cobb County,GA,South,19,-15.17,60.74,45.57
40071,Kay County,OK,South,4,-15.16,90.83,75.67
13169,Jones County,GA,South,1,-15.1,69.81,54.71
30095,Stillwater County,MT,Mountain,5,-15.09,33.45,18.36
18007,Benton County,IN,Midwest,1,-15.06,73.16,58.09
13277,Tift County,GA,South,1,-15.02,90.82,75.8
06031,Kings County,CA,California,19,-15.01,88.87,73.86
18013,Brown County,IN,Midwest,1,-14.99,38.26,23.26
29085,Hickory County,MO,Midwest,4,-14.98,68.69,53.71
22115,Vernon Parish,LA,South,4,-14.94,69.81,54.87
20053,Ellsworth County,KS,Midwest,3,-14.9,33.26,18.36
42089,Monroe County,PA,Northeast,7,-14.9,42.27,27.37
13171,Lamar County,GA,South,1,-14.86,92.46,77.6
38089,Stark County,ND,Midwest,7,-14.85,45.1,30.25
13319,Wilkinson County,GA,South,1,-14.82,96.26,81.44
29103,Knox County,MO,Midwest,1,-14.82,76.33,61.51
05039,Dallas County,AR,South,1,-14.8,73.16,58.36
13105,Elbert County,GA,South,1,-14.75,92.46,77.71
48409,San Patricio County,TX,South,9,-14.73,81.16,66.43
38055,McLean County,ND,Midwest,7,-14.65,38.18,23.53
45005,Allendale County,SC,South,2,-14.65,97.62,82.97
21083,Graves County,KY,South,5,-14.64,44.99,30.35
45085,Sumter County,SC,South,5,-14.6,76.91,62.31
49033,Rich County,UT,Mountain,1,-14.56,57.13,42.57
40023,Choctaw County,OK,South,4,-14.55,97.45,82.91
13275,Thomas County,GA,South,4,-14.54,94.92,80.38
48321,Matagorda County,TX,South,4,-14.5,88.42,73.92
13093,Dooly County,GA,South,2,-14.49,93.2,78.71
18139,Rush County,IN,Midwest,2,-14.47,50.13,35.67
47011,Bradley County,TN,South,4,-14.46,52.39,37.94
51125,Nelson County,VA,South,1,-14.44,38.26,23.81
05067,Jackson County,AR,South,3,-14.43,74.21,59.78
51043,Clarke County,VA,South,1,-14.42,57.13,42.71
46061,Hanson County,SD,Midwest,3,-14.33,27.16,12.84
48167,Galveston County,TX,South,15,-14.31,64.25,49.94
12079,Madison County,FL,South,3,-14.26,80.28,66.01
37181,Vance County,NC,South,3,-14.25,93.94,79.68
48335,Mitchell County,TX,South,2,-14.25,91.64,77.39
13161,Jeff Davis County,GA,South,1,-14.25,92.46,78.21
47129,Morgan County,TN,South,2,-14.23,74.74,60.51
18165,Vermillion County,IN,Midwest,2,-14.21,75.95,61.74
30049,Lewis and Clark County,MT,Mountain,5,-14.2,27.94,13.74
42117,Tioga County,PA,Northeast,5,-14.15,40.0,25.85
29017,Bollinger County,MO,Midwest,4,-14.15,46.41,32.26
40057,Harmon County,OK,South,1,-14.15,97.64,83.49
50025,Windham County,VT,Northeast,5,-14.15,19.45,5.3
18011,Boone County,IN,Midwest,3,-14.12,33.35,19.23
01055,Etowah County,AL,South,11,-14.1,81.93,67.83
25011,Franklin County,MA,Northeast,8,-14.09,35.05,20.96
12041,Gilchrist County,FL,South,3,-14.09,65.89,51.8
30089,Sanders County,MT,Mountain,4,-14.05,54.93,40.88
47149,Rutherford County,TN,South,13,-14.02,57.27,43.25
40089,McCurtain County,OK,South,8,-13.97,95.48,81.51
18099,Marshall County,IN,Midwest,5,-13.93,72.28,58.34
01095,Marshall County,AL,South,9,-13.88,64.02,50.14
42093,Montour County,PA,Northeast,3,-13.87,49.35,35.49
13303,Washington County,GA,South,1,-13.86,97.64,83.77
13007,Baker County,GA,South,1,-13.85,61.52,47.67
05093,Mississippi County,AR,South,8,-13.83,96.99,83.15
30051,Liberty County,MT,Mountain,1,-13.82,33.22,19.4
29005,Atchison County,MO,Midwest,3,-13.8,19.36,5.56
26113,Missaukee County,MI,Midwest,2,-13.78,45.45,31.67
06053,Monterey County,CA,California,31,-13.77,73.24,59.47
05073,Lafayette County,AR,South,2,-13.76,67.85,54.09
51127,New Kent County,VA,South,1,-13.75,47.78,34.03
08113,San Miguel County,CO,Mountain,1,-13.73,15.05,1.32
48203,Harrison County,TX,South,7,-13.69,78.28,64.59
19059,Dickinson County,IA,Midwest,3,-13.68,16.22,2.55
47041,DeKalb County,TN,South,2,-13.64,61.52,47.88
01079,Lawrence County,AL,South,6,-13.63,70.67,57.04
27017,Carlton County,MN,Midwest,11,-13.61,29.08,15.47
37185,Warren County,NC,South,3,-13.58,84.56,70.98
35045,San Juan County,NM,Mountain,14,-13.58,96.32,82.74
25001,Barnstable County,MA,Northeast,11,-13.57,19.15,5.59
08083,Montezuma County,CO,Mountain,4,-13.56,77.79,64.23
06115,Yuba County,CA,California,8,-13.55,71.46,57.91
26127,Oceana County,MI,Midwest,2,-13.39,61.52,48.12
28069,Kemper County,MS,South,2,-13.35,98.17,84.82
48377,Presidio County,TX,South,1,-13.3,99.95,86.65
17061,Greene County,IL,Midwest,4,-13.28,39.34,26.06
31065,Furnas County,NE,Midwest,3,-13.28,34.94,21.66
17013,Calhoun County,IL,Midwest,2,-13.27,47.81,34.54
08051,Gunnison County,CO,Mountain,2,-13.21,26.01,12.8
39033,Crawford County,OH,Midwest,8,-13.2,54.8,41.6
06109,Tuolumne County,CA,California,11,-13.17,40.65,27.48
18015,Carroll County,IN,Midwest,2,-13.13,38.17,25.04
22025,Catahoula Parish,LA,South,1,-13.13,98.62,85.49
36017,Chenango County,NY,Northeast,6,-13.13,42.28,29.15
48119,Delta County,TX,South,1,-13.11,73.16,60.04
41031,Jefferson County,OR,Pacific Northwest,3,-13.1,54.02,40.92
37077,Granville County,NC,South,4,-13.08,50.15,37.07
40147,Washington County,OK,South,5,-13.08,78.06,64.98
22093,St. James Parish,LA,South,2,-13.03,84.56,71.54
20151,Pratt County,KS,Midwest,2,-13.0,30.76,17.77
16013,Blaine County,ID,Mountain,2,-12.98,19.3,6.32
40121,Pittsburg County,OK,South,10,-12.93,84.64,71.72
48065,Carson County,TX,South,2,-12.89,86.65,73.76
48213,Henderson County,TX,South,7,-12.89,82.85,69.96
13293,Upson County,GA,South,1,-12.85,84.56,71.72
28113,Pike County,MS,South,7,-12.84,98.33,85.49
48267,Kimble County,TX,South,1,-12.81,86.86,74.05
40037,Creek County,OK,South,10,-12.79,77.16,64.36
26051,Gladwin County,MI,Midwest,3,-12.78,64.04,51.26
48405,San Augustine County,TX,South,2,-12.78,95.25,82.47
48299,Llano County,TX,South,1,-12.77,61.52,48.75
12047,Hamilton County,FL,South,2,-12.76,95.75,82.99
28013,Calhoun County,MS,South,4,-12.72,86.23,73.52
27031,Cook County,MN,Midwest,2,-12.69,54.81,42.12
18087,LaGrange County,IN,Midwest,3,-12.68,90.35,77.66
27069,Kittson County,MN,Midwest,3,-12.68,22.24,9.57
18169,Wabash County,IN,Midwest,6,-12.65,56.14,43.49
21235,Whitley County,KY,South,7,-12.63,88.45,75.82
35041,Roosevelt County,NM,Mountain,4,-12.63,74.66,62.04
22083,Richland Parish,LA,South,3,-12.58,95.15,82.57
20209,Wyandotte County,KS,Midwest,12,-12.56,98.31,85.75
32027,Pershing County,NV,Mountain,1,-12.54,28.3,15.76
51195,Wise County,VA,South,3,-12.54,82.09,69.55
40019,Carter County,OK,South,8,-12.53,74.52,61.98
31079,Hall County,NE,Midwest,8,-12.51,89.53,77.02
53045,Mason County,WA,Pacific Northwest,8,-12.51,41.28,28.77
45049,Hampton County,SC,South,2,-12.5,97.33,84.83
29031,Cape Girardeau County,MO,Midwest,7,-12.5,49.71,37.21
28017,Chickasaw County,MS,South,5,-12.49,95.65,83.17
05023,Cleburne County,AR,South,4,-12.45,68.27,55.82
45035,Dorchester County,SC,South,5,-12.43,63.17,50.75
48487,Wilbarger County,TX,South,2,-12.39,69.81,57.42
40125,Pottawatomie County,OK,South,11,-12.37,86.45,74.08
45073,Oconee County,SC,South,4,-12.33,66.24,53.91
29029,Camden County,MO,Midwest,6,-12.32,57.0,44.69
28127,Simpson County,MS,South,3,-12.29,76.28,64.0
13053,Chattahoochee County,GA,South,1,-12.28,57.13,44.85
21191,Pendleton County,KY,South,1,-12.28,57.13,44.85
22027,Claiborne Parish,LA,South,2,-12.26,98.82,86.56
13261,Sumter County,GA,South,1,-12.25,97.64,85.38
41045,Malheur County,OR,Pacific Northwest,5,-12.23,59.56,47.33
37111,McDowell County,NC,South,4,-12.23,65.89,53.66
28065,Jefferson Davis County,MS,South,2,-12.23,97.91,85.68
13237,Putnam County,GA,South,1,-12.22,90.82,78.6
46089,McPherson County,SD,Midwest,3,-12.21,33.7,21.48
37015,Bertie County,NC,South,2,-12.19,84.56,72.38
48067,Cass County,TX,South,6,-12.18,63.7,51.52
28107,Panola County,MS,South,3,-12.17,96.97,84.81
48247,Jim Hogg County,TX,South,1,-12.16,99.91,87.74
05119,Pulaski County,AR,South,27,-12.14,86.35,74.21
27061,Itasca County,MN,Midwest,10,-12.13,40.9,28.78
48367,Parker County,TX,South,8,-12.1,50.72,38.62
01061,Geneva County,AL,South,5,-12.09,54.09,42.0
51147,Prince Edward County,VA,South,1,-12.04,76.33,64.29
51007,Amelia County,VA,South,1,-12.0,43.13,31.13
30063,Missoula County,MT,Mountain,5,-11.94,33.4,21.46
12071,Lee County,FL,South,36,-11.93,70.25,58.32
29143,New Madrid County,MO,Midwest,6,-11.86,78.52,66.66
36019,Clinton County,NY,Northeast,6,-11.8,38.11,26.3
36033,Franklin County,NY,Northeast,7,-11.8,50.33,38.53
38041,Hettinger County,ND,Midwest,2,-11.78,45.45,33.67
12067,Lafayette County,FL,South,2,-11.78,33.22,21.44
48127,Dimmit County,TX,South,1,-11.77,99.87,88.1
48457,Tyler County,TX,South,6,-11.73,73.66,61.93
18121,Parke County,IN,Midwest,2,-11.71,83.11,71.4
22031,De Soto Parish,LA,South,2,-11.69,88.94,77.25
36057,Montgomery County,NY,Northeast,5,-11.66,58.83,47.17
13009,Baldwin County,GA,South,1,-11.61,93.94,82.33
36095,Schoharie County,NY,Northeast,3,-11.58,20.2,8.62
46077,Kingsbury County,SD,Midwest,5,-11.58,21.98,10.4
23013,Knox County,ME,Northeast,2,-11.56,14.52,2.95
37003,Alexander County,NC,South,2,-11.55,52.49,40.93
13233,Polk County,GA,South,3,-11.55,83.35,71.8
21003,Allen County,KY,South,2,-11.52,84.48,72.95
22087,St. Bernard Parish,LA,South,2,-11.52,86.86,75.34
18059,Hancock County,IN,Midwest,4,-11.49,25.4,13.91
01015,Calhoun County,AL,South,14,-11.49,75.63,64.14
31057,Dundy County,NE,Midwest,1,-11.48,33.22,21.74
56013,Fremont County,WY,Mountain,11,-11.46,87.93,76.46
40095,Marshall County,OK,South,2,-11.45,62.82,51.37
21053,Clinton County,KY,South,3,-11.44,55.5,44.06
26107,Mecosta County,MI,Midwest,6,-11.44,44.59,33.15
05069,Jefferson County,AR,South,6,-11.43,95.75,84.33
08105,Rio Grande County,CO,Mountain,4,-11.38,88.88,77.5
40051,Grady County,OK,South,9,-11.36,85.43,74.07
29041,Chariton County,MO,Midwest,4,-11.35,45.4,34.06
28045,Hancock County,MS,South,3,-11.34,61.98,50.64
22119,Webster Parish,LA,South,3,-11.34,98.47,87.13
54045,Logan County,WV,South,3,-11.32,79.26,67.94
39105,Meigs County,OH,Midwest,3,-11.31,47.8,36.49
04007,Gila County,AZ,Mountain,16,-11.31,74.95,63.65
29081,Harrison County,MO,Midwest,6,-11.3,49.35,38.05
42115,Susquehanna County,PA,Northeast,7,-11.25,34.73,23.49
35023,Hidalgo County,NM,Mountain,2,-11.23,98.97,87.74
23007,Franklin County,ME,Northeast,3,-11.19,25.58,14.39
42015,Bradford County,PA,Northeast,8,-11.13,39.98,28.84
05057,Hempstead County,AR,South,5,-11.11,72.49,61.38
05035,Crittenden County,AR,South,4,-11.08,96.87,85.79
22019,Calcasieu Parish,LA,South,10,-11.07,88.09,77.02
47059,Greene County,TN,South,6,-11.07,69.62,58.55
48075,Childress County,TX,South,1,-11.06,99.02,87.96
48317,Martin County,TX,South,1,-11.06,76.33,65.27
13253,Seminole County,GA,South,1,-11.05,98.62,87.57
18067,Howard County,IN,Midwest,7,-11.03,82.09,71.06
42023,Cameron County,PA,Northeast,1,-11.03,57.13,46.11
40131,Rogers County,OK,South,8,-10.99,52.46,41.47
46037,Day County,SD,Midwest,2,-10.98,54.51,43.53
12133,Washington County,FL,South,3,-10.93,81.18,70.25
38003,Barnes County,ND,Midwest,2,-10.93,15.05,4.12
28091,Marion County,MS,South,4,-10.92,97.48,86.57
05071,Johnson County,AR,South,4,-10.89,47.81,36.91
48389,Reeves County,TX,South,1,-10.87,98.62,87.76
40101,Muskogee County,OK,South,11,-10.85,89.39,78.55
13143,Haralson County,GA,South,3,-10.85,73.42,62.57
13285,Troup County,GA,South,5,-10.84,88.44,77.61
40007,Beaver County,OK,South,4,-10.81,62.49,51.68
22041,Franklin Parish,LA,South,1,-10.77,96.26,85.49
48183,Gregg County,TX,South,9,-10.77,92.58,81.81
01047,Dallas County,AL,South,6,-10.75,99.31,88.56
48285,Lavaca County,TX,South,3,-10.75,50.92,40.17
22117,Washington Parish,LA,South,4,-10.73,95.65,84.92
02290,Yukon-Koyukuk Census Area,AK,Pacific Northwest,2,-10.71,99.02,88.31
01121,Talladega County,AL,South,10,-10.71,94.11,83.41
18093,Lawrence County,IN,Midwest,3,-10.7,47.79,37.09
39067,Harrison County,OH,Midwest,2,-10.69,33.22,22.53
28099,Neshoba County,MS,South,3,-10.69,90.82,80.13
46105,Perkins County,SD,Midwest,2,-10.65,38.17,27.52
18155,Switzerland County,IN,Midwest,1,-10.63,65.89,55.26
47063,Hamblen County,TN,South,2,-10.61,67.85,57.24
28147,Walthall County,MS,South,2,-10.61,79.37,68.76
22069,Natchitoches Parish,LA,South,3,-10.61,97.97,87.36
22095,St. John the Baptist Parish,LA,South,2,-10.57,93.2,82.62
20031,Coffey County,KS,Midwest,4,-10.57,44.25,33.68
12101,Pasco County,FL,South,22,-10.55,46.12,35.57
22039,Evangeline Parish,LA,South,3,-10.52,82.01,71.48
51790,Staunton city,VA,South,2,-10.52,45.45,34.94
40005,Atoka County,OK,South,4,-10.5,83.33,72.83
37139,Pasquotank County,NC,South,5,-10.48,69.03,58.55
39131,Pike County,OH,Midwest,5,-10.47,62.39,51.92
54109,Wyoming County,WV,South,2,-10.46,65.89,55.43
05135,Sharp County,AR,South,2,-10.46,57.13,46.67
18083,Knox County,IN,Midwest,5,-10.44,70.48,60.04
48009,Archer County,TX,South,3,-10.39,76.08,65.68
41015,Curry County,OR,Pacific Northwest,3,-10.38,31.58,21.2
54061,Monongalia County,WV,South,3,-10.37,62.82,52.44
47115,Marion County,TN,South,5,-10.34,82.28,71.94
18153,Sullivan County,IN,Midwest,2,-10.34,45.45,35.11
30083,Richland County,MT,Mountain,4,-10.3,27.87,17.58
48037,Bowie County,TX,South,11,-10.27,91.35,81.08
48313,Madison County,TX,South,1,-10.25,82.09,71.84
40031,Comanche County,OK,South,10,-10.2,79.96,69.75
22045,Iberia Parish,LA,South,4,-10.15,96.36,86.2
48047,Brooks County,TX,South,1,-10.13,99.69,89.55
23003,Aroostook County,ME,Northeast,13,-10.12,54.98,44.86
45003,Aiken County,SC,South,9,-10.11,75.84,65.73
48355,Nueces County,TX,South,27,-10.09,79.52,69.42
46109,Roberts County,SD,Midwest,4,-10.09,47.6,37.51
51053,Dinwiddie County,VA,South,1,-10.09,84.56,74.47
19057,Des Moines County,IA,Midwest,4,-10.06,38.17,28.11
06065,Riverside County,CA,California,104,-10.03,57.55,47.52
18051,Gibson County,IN,Midwest,3,-10.02,50.91,40.89
30091,Sheridan County,MT,Mountain,3,-10.02,44.55,34.53
31175,Valley County,NE,Midwest,2,-9.99,17.51,7.51
51001,Accomack County,VA,South,3,-9.93,81.88,71.95
30109,Wibaux County,MT,Mountain,1,-9.91,52.49,42.57
19003,Adams County,IA,Midwest,1,-9.91,19.3,9.39
20207,Woodson County,KS,Midwest,1,-9.9,38.26,28.36
30015,Chouteau County,MT,Mountain,4,-9.89,44.24,34.34
18055,Greene County,IN,Midwest,5,-9.86,49.64,39.78
35035,Otero County,NM,Mountain,5,-9.84,76.78,66.94
17181,Union County,IL,Midwest,4,-9.83,36.85,27.02
13153,Houston County,GA,South,5,-9.8,70.36,60.57
27033,Cottonwood County,MN,Midwest,6,-9.79,22.3,12.51
01097,Mobile County,AL,South,21,-9.79,96.18,86.38
28039,George County,MS,South,2,-9.78,84.48,74.7
37049,Craven County,NC,South,5,-9.76,73.06,63.3
22097,St. Landry Parish,LA,South,9,-9.74,95.29,85.56
51111,Lunenburg County,VA,South,1,-9.72,82.09,72.38
42083,McKean County,PA,Northeast,6,-9.69,42.87,33.17
17169,Schuyler County,IL,Midwest,1,-9.67,23.72,14.05
13089,DeKalb County,GA,South,27,-9.67,81.31,71.64
30079,Prairie County,MT,Mountain,1,-9.66,15.05,5.39
45083,Spartanburg County,SC,South,15,-9.64,65.76,56.12
21195,Pike County,KY,South,11,-9.61,84.31,74.69
12097,Osceola County,FL,South,22,-9.6,71.09,61.49
31013,Box Butte County,NE,Midwest,2,-9.55,35.72,26.16
27095,Mille Lacs County,MN,Midwest,12,-9.49,31.6,22.11
13189,McDuffie County,GA,South,1,-9.45,97.02,87.57
51005,Alleghany County,VA,South,1,-9.45,97.02,87.57
18119,Owen County,IN,Midwest,1,-9.45,43.13,33.67
22051,Jefferson Parish,LA,South,19,-9.44,84.78,75.34
48189,Hale County,TX,South,4,-9.38,77.62,68.24
06057,Nevada County,CA,California,11,-9.37,16.77,7.4
30069,Petroleum County,MT,Mountain,1,-9.35,38.26,28.9
22013,Bienville Parish,LA,South,2,-9.34,84.48,75.14
16073,Owyhee County,ID,Mountain,3,-9.33,59.81,50.48
19173,Taylor County,IA,Midwest,2,-9.29,26.26,16.97
56031,Platte County,WY,Mountain,4,-9.28,39.43,30.15
28085,Lincoln County,MS,South,3,-9.28,86.86,77.58
04005,Coconino County,AZ,Mountain,31,-9.27,70.09,60.82
51680,Lynchburg city,VA,South,2,-9.27,82.09,72.82
35009,Curry County,NM,Mountain,4,-9.23,69.52,60.29
18097,Marion County,IN,Midwest,45,-9.23,88.41,79.18
40039,Custer County,OK,South,4,-9.22,74.66,65.45
16017,Bonner County,ID,Mountain,6,-9.21,19.52,10.31
41013,Crook County,OR,Pacific Northwest,4,-9.21,34.54,25.33
48507,Zavala County,TX,South,2,-9.18,99.55,90.37
40115,Ottawa County,OK,South,6,-9.17,79.65,70.48
47141,Putnam County,TN,South,4,-9.13,41.81,32.68
34029,Ocean County,NJ,Northeast,24,-9.12,16.73,7.61
13219,Oconee County,GA,South,2,-9.12,50.13,41.02
26111,Midland County,MI,Midwest,7,-9.12,31.38,22.26
45027,Clarendon County,SC,South,5,-9.11,83.74,74.62
19063,Emmet County,IA,Midwest,2,-9.11,23.72,14.61
21029,Bullitt County,KY,South,6,-9.1,45.64,36.54
27135,Roseau County,MN,Midwest,6,-9.1,32.58,23.48
05043,Drew County,AR,South,3,-9.1,89.57,80.47
55111,Sauk County,WI,Midwest,6,-9.08,39.71,30.64
20009,Barton County,KS,Midwest,4,-9.06,44.19,35.14
01037,Coosa County,AL,South,1,-9.04,92.46,83.41
01067,Henry County,AL,South,2,-9.02,78.33,69.31
42123,Warren County,PA,Northeast,5,-9.02,49.98,40.97
31127,Nemaha County,NE,Midwest,2,-9.01,21.51,12.49
22005,Ascension Parish,LA,South,4,-8.98,60.42,51.44
22113,Vermilion Parish,LA,South,7,-8.96,64.73,55.77
33009,Grafton County,NH,Northeast,14,-8.96,16.0,7.04
40111,Okmulgee County,OK,South,8,-8.93,95.89,86.96
22089,St. Charles Parish,LA,South,2,-8.93,74.19,65.26
48419,Shelby County,TX,South,3,-8.93,84.56,75.63
24025,Harford County,MD,South,11,-8.93,22.86,13.94
45075,Orangeburg County,SC,South,11,-8.93,95.74,86.81
48291,Liberty County,TX,South,9,-8.92,87.42,78.5
17109,McDonough County,IL,Midwest,6,-8.91,17.97,9.06
27157,Wabasha County,MN,Midwest,4,-8.91,16.49,7.58
46051,Grant County,SD,Midwest,1,-8.89,43.13,34.23
19151,Pocahontas County,IA,Midwest,2,-8.86,15.3,6.44
27065,Kanabec County,MN,Midwest,4,-8.85,35.77,26.92
49019,Grand County,UT,Mountain,1,-8.84,33.22,24.38
27051,Grant County,MN,Midwest,4,-8.83,32.13,23.3
08067,La Plata County,CO,Mountain,6,-8.81,42.84,34.03
09150,Northeastern Connecticut Planning Region,CT,Northeast,8,-8.74,44.17,35.44
17059,Gallatin County,IL,Midwest,1,-8.7,28.3,19.6
53049,Pacific County,WA,Pacific Northwest,6,-8.67,36.28,27.61
13209,Montgomery County,GA,South,1,-8.67,84.56,75.9
29095,Jackson County,MO,Midwest,42,-8.67,69.64,60.98
48401,Rusk County,TX,South,7,-8.66,58.97,50.31
18137,Ripley County,IN,Midwest,4,-8.65,53.63,44.98
40079,Le Flore County,OK,South,13,-8.64,81.89,73.25
28093,Marshall County,MS,South,6,-8.61,94.66,86.05
48407,San Jacinto County,TX,South,2,-8.59,91.64,83.05
01029,Cleburne County,AL,South,4,-8.59,33.32,24.73
48441,Taylor County,TX,South,10,-8.58,76.3,67.73
28063,Jefferson County,MS,South,2,-8.55,99.87,91.32
29161,Phelps County,MO,Midwest,5,-8.53,59.76,51.24
51045,Craig County,VA,South,1,-8.5,82.09,73.59
28003,Alcorn County,MS,South,6,-8.49,86.75,78.26
13159,Jasper County,GA,South,1,-8.47,61.52,53.05
41033,Josephine County,OR,Pacific Northwest,7,-8.47,34.67,26.2
48427,Starr County,TX,South,5,-8.47,99.36,90.89
39123,Ottawa County,OH,Midwest,6,-8.44,51.83,43.4
18183,Whitley County,IN,Midwest,4,-8.42,66.25,57.83
06107,Tulare County,CA,California,43,-8.4,88.52,80.12
09130,Lower Connecticut River Valley Planning Region,CT,Northeast,14,-8.4,19.3,10.9
31165,Sioux County,NE,Midwest,1,-8.4,19.3,10.9
38051,McIntosh County,ND,Midwest,3,-8.38,44.62,36.24
05005,Baxter County,AR,South,5,-8.36,48.73,40.37
46115,Spink County,SD,Midwest,8,-8.34,21.04,12.7
13127,Glynn County,GA,South,4,-8.32,85.66,77.34
12031,Duval County,FL,South,42,-8.32,90.02,81.7
48387,Red River County,TX,South,4,-8.28,89.87,81.58
01041,Crenshaw County,AL,South,1,-8.27,65.89,57.61
02198,Prince of Wales-Hyder Census Area,AK,Pacific Northwest,2,-8.27,61.52,53.24
13129,Gordon County,GA,South,3,-8.26,69.62,61.36
12103,Pinellas County,FL,South,31,-8.25,61.57,53.32
46057,Hamlin County,SD,Midwest,3,-8.25,22.36,14.11
13199,Meriwether County,GA,South,2,-8.25,81.97,73.72
31137,Phelps County,NE,Midwest,3,-8.24,18.1,9.87
20129,Morton County,KS,Midwest,3,-8.22,70.92,62.71
06099,Stanislaus County,CA,California,40,-8.21,68.03,59.82
45013,Beaufort County,SC,South,6,-8.19,34.28,26.09
20019,Chautauqua County,KS,Midwest,2,-8.17,59.19,51.01
20137,Norton County,KS,Midwest,2,-8.15,35.72,27.57
27159,Wadena County,MN,Midwest,6,-8.13,41.37,33.24
28001,Adams County,MS,South,4,-8.13,98.72,90.59
12037,Franklin County,FL,South,1,-8.1,98.62,90.52
38083,Sheridan County,ND,Midwest,1,-8.06,38.26,30.2
22035,East Carroll Parish,LA,South,1,-8.0,93.94,85.94
48179,Gray County,TX,South,1,-8.0,84.56,76.56
35031,McKinley County,NM,Mountain,15,-8.0,96.92,88.92
19021,Buena Vista County,IA,Midwest,5,-7.99,34.49,26.5
29119,McDonald County,MO,Midwest,1,-7.98,79.37,71.39
13115,Floyd County,GA,South,5,-7.97,77.92,69.95
18041,Fayette County,IN,Midwest,2,-7.95,94.59,86.64
36103,Suffolk County,NY,Northeast,59,-7.91,20.4,12.49
48131,Duval County,TX,South,3,-7.91,93.33,85.43
31115,Loup County,NE,Midwest,1,-7.89,76.33,68.44
48163,Frio County,TX,South,2,-7.86,99.6,91.73
46015,Brule County,SD,Midwest,3,-7.85,34.88,27.03
19143,Osceola County,IA,Midwest,1,-7.85,19.3,11.46
48021,Bastrop County,TX,South,6,-7.84,58.77,50.93
41063,Wallowa County,OR,Pacific Northwest,2,-7.84,30.76,22.92
48303,Lubbock County,TX,South,21,-7.82,77.05,69.23
30055,McCone County,MT,Mountain,1,-7.77,61.52,53.75
48369,Parmer County,TX,South,3,-7.77,88.24,80.47
13215,Muscogee County,GA,South,10,-7.74,97.36,89.61
27073,Lac qui Parle County,MN,Midwest,2,-7.74,19.3,11.56
47077,Henderson County,TN,South,2,-7.73,77.85,70.12
51690,Martinsville city,VA,South,1,-7.73,98.62,90.89
13287,Turner County,GA,South,1,-7.73,99.02,91.3
01057,Fayette County,AL,South,2,-7.71,52.49,44.78
13301,Warren County,GA,South,1,-7.7,99.51,91.81
24041,Talbot County,MD,South,2,-7.7,54.81,47.11
30099,Teton County,MT,Mountain,4,-7.7,38.01,30.31
29139,Montgomery County,MO,Midwest,3,-7.69,38.2,30.51
48459,Upshur County,TX,South,9,-7.67,68.59,60.91
13155,Irwin County,GA,South,1,-7.64,96.26,88.62
41023,Grant County,OR,Pacific Northwest,1,-7.64,28.3,20.66
47179,Washington County,TN,South,5,-7.62,77.54,69.92
13043,Candler County,GA,South,2,-7.6,87.69,80.09
50021,Rutland County,VT,Northeast,7,-7.6,12.19,4.59
01101,Montgomery County,AL,South,11,-7.6,96.93,89.33
19187,Webster County,IA,Midwest,2,-7.59,35.74,28.15
47187,Williamson County,TN,South,11,-7.58,10.5,2.92
13051,Chatham County,GA,South,13,-7.57,88.17,80.59
44009,Washington County,RI,Northeast,6,-7.56,10.81,3.25
30027,Fergus County,MT,Mountain,6,-7.54,35.72,28.19
37129,New Hanover County,NC,South,10,-7.52,50.97,43.44
50003,Bennington County,VT,Northeast,3,-7.52,53.76,46.25
48461,Upton County,TX,South,1,-7.51,97.64,90.13
26103,Marquette County,MI,Midwest,8,-7.5,14.1,6.6
41025,Harney County,OR,Pacific Northwest,3,-7.5,33.35,25.85
42031,Clarion County,PA,Northeast,8,-7.47,37.53,30.06
48467,Van Zandt County,TX,South,9,-7.46,57.49,50.03
13071,Colquitt County,GA,South,1,-7.44,88.94,81.5
41029,Jackson County,OR,Pacific Northwest,11,-7.43,27.87,20.45
20179,Sheridan County,KS,Midwest,1,-7.42,19.3,11.88
46129,Walworth County,SD,Midwest,2,-7.39,30.76,23.37
48271,Kinney County,TX,South,1,-7.36,86.86,79.5
40105,Nowata County,OK,South,3,-7.32,65.58,58.26
24001,Allegany County,MD,South,4,-7.31,47.79,40.49
54019,Fayette County,WV,South,3,-7.28,56.95,49.68
13019,Berrien County,GA,South,2,-7.26,87.9,80.63
54107,Wood County,WV,South,3,-7.26,80.28,73.01
16023,Butte County,ID,Mountain,1,-7.26,57.13,49.87
20155,Reno County,KS,Midwest,6,-7.25,39.06,31.81
48035,Bosque County,TX,South,2,-7.22,65.89,58.67
42025,Carbon County,PA,Northeast,6,-7.18,38.16,30.98
06097,Sonoma County,CA,California,30,-7.17,17.18,10.01
40135,Sequoyah County,OK,South,7,-7.16,70.17,63.0
06021,Glenn County,CA,California,12,-7.12,69.21,62.09
12083,Marion County,FL,South,15,-7.12,87.62,80.5
37021,Buncombe County,NC,South,13,-7.12,53.1,45.98
37099,Jackson County,NC,South,4,-7.11,55.89,48.78
29049,Clinton County,MO,Midwest,4,-7.11,28.79,21.68
54025,Greenbrier County,WV,South,2,-7.1,45.18,38.07
08077,Mesa County,CO,Mountain,9,-7.08,50.88,43.8
13121,Fulton County,GA,South,36,-7.07,73.38,66.3
47047,Fayette County,TN,South,2,-7.07,54.81,47.74
27149,Stevens County,MN,Midwest,3,-7.06,12.73,5.67
37189,Watauga County,NC,South,2,-7.04,47.78,40.75
54039,Kanawha County,WV,South,8,-7.03,76.59,69.56
23019,Penobscot County,ME,Northeast,14,-7.01,20.15,13.14
17083,Jersey County,IL,Midwest,7,-7.0,28.51,21.51
06071,San Bernardino County,CA,California,109,-6.97,71.17,64.2
47079,Henry County,TN,South,1,-6.97,84.56,77.6
20197,Wabaunsee County,KS,Midwest,2,-6.94,31.89,24.95
56015,Goshen County,WY,Mountain,4,-6.93,24.25,17.32
48349,Navarro County,TX,South,6,-6.92,78.3,71.38
37125,Moore County,NC,South,4,-6.92,34.66,27.74
12045,Gulf County,FL,South,4,-6.92,72.13,65.21
35025,Lea County,NM,Mountain,7,-6.9,87.3,80.4
44003,Kent County,RI,Northeast,9,-6.86,14.64,7.78
40099,Murray County,OK,South,3,-6.86,71.79,64.94
02070,Dillingham Census Area,AK,Pacific Northwest,1,-6.81,84.56,77.75
01083,Limestone County,AL,South,9,-6.81,45.49,38.68
50011,Franklin County,VT,Northeast,7,-6.8,18.91,12.12
51165,Rockingham County,VA,South,4,-6.78,63.26,56.48
45033,Dillon County,SC,South,4,-6.76,99.29,92.52
21005,Anderson County,KY,South,1,-6.75,57.13,50.38
27081,Lincoln County,MN,Midwest,7,-6.75,12.91,6.16
37175,Transylvania County,NC,South,3,-6.74,36.32,29.58
40003,Alfalfa County,OK,South,4,-6.72,35.73,29.01
32003,Clark County,NV,Mountain,88,-6.71,70.27,63.56
24017,Charles County,MD,South,7,-6.71,51.02,44.31
01063,Greene County,AL,South,3,-6.71,94.97,88.26
46121,Todd County,SD,Midwest,2,-6.69,98.62,91.93
55011,Buffalo County,WI,Midwest,4,-6.64,20.4,13.77
18115,Ohio County,IN,Midwest,1,-6.64,47.78,41.15
29137,Monroe County,MO,Midwest,3,-6.63,38.26,31.63
47119,Maury County,TN,South,5,-6.62,51.47,44.85
42131,Wyoming County,PA,Northeast,2,-6.57,21.51,14.94
36053,Madison County,NY,Northeast,7,-6.55,17.79,11.24
27089,Marshall County,MN,Midwest,4,-6.54,28.54,22.01
20039,Decatur County,KS,Midwest,1,-6.52,28.3,21.79
01069,Houston County,AL,South,10,-6.52,92.08,85.56
22011,Beauregard Parish,LA,South,3,-6.52,75.17,68.65
56023,Lincoln County,WY,Mountain,5,-6.49,69.37,62.88
31129,Nuckolls County,NE,Midwest,2,-6.47,15.89,9.43
47009,Blount County,TN,South,4,-6.45,41.78,35.32
22073,Ouachita Parish,LA,South,8,-6.44,96.18,89.74
08043,Fremont County,CO,Mountain,3,-6.44,52.3,45.86
38059,Morton County,ND,Midwest,8,-6.44,25.65,19.22
27087,Mahnomen County,MN,Midwest,5,-6.38,69.58,63.2
13033,Burke County,GA,South,1,-6.37,98.17,91.81
55091,Pepin County,WI,Midwest,2,-6.36,23.72,17.36
02050,Bethel Census Area,AK,Pacific Northwest,5,-6.35,99.73,93.38
28149,Warren County,MS,South,4,-6.34,97.77,91.43
13195,Madison County,GA,South,1,-6.33,86.86,80.53
47073,Hawkins County,TN,South,3,-6.31,88.24,81.94
17149,Pike County,IL,Midwest,5,-6.31,44.77,38.47
36011,Cayuga County,NY,Northeast,8,-6.29,41.07,34.78
13029,Bryan County,GA,South,2,-6.29,59.19,52.9
01051,Elmore County,AL,South,6,-6.28,68.64,62.36
22065,Madison Parish,LA,South,2,-6.27,99.69,93.42
46039,Deuel County,SD,Midwest,1,-6.27,19.3,13.03
46111,Sanborn County,SD,Midwest,2,-6.26,38.26,32.0
16071,Oneida County,ID,Mountain,1,-6.2,52.49,46.28
21151,Madison County,KY,South,8,-6.2,58.3,52.1
48013,Atascosa County,TX,South,8,-6.2,88.61,82.42
08081,Moffat County,CO,Mountain,1,-6.17,52.49,46.31
56035,Sublette County,WY,Mountain,3,-6.11,80.17,74.06
38045,LaMoure County,ND,Midwest,4,-6.01,23.65,17.64
40123,Pontotoc County,OK,South,7,-6.0,78.43,72.43
22071,Orleans Parish,LA,South,26,-6.0,92.56,86.56
53063,Spokane County,WA,Pacific Northwest,46,-5.99,26.78,20.78
18029,Dearborn County,IN,Midwest,3,-5.97,46.25,40.27
42009,Bedford County,PA,Northeast,6,-5.96,30.09,24.13
48483,Wheeler County,TX,South,1,-5.95,99.02,93.07
55053,Jackson County,WI,Midwest,5,-5.94,25.06,19.11
22023,Cameron Parish,LA,South,1,-5.94,96.26,90.32
48017,Bailey County,TX,South,1,-5.9,99.02,93.12
28005,Amite County,MS,South,2,-5.89,73.16,67.27
12107,Putnam County,FL,South,4,-5.86,91.23,85.37
54043,Lincoln County,WV,South,1,-5.86,84.56,78.71
29001,Adair County,MO,Midwest,4,-5.85,53.08,47.24
30003,Big Horn County,MT,Mountain,3,-5.83,98.74,92.91
51067,Franklin County,VA,South,1,-5.82,61.52,55.7
48309,McLennan County,TX,South,33,-5.8,83.2,77.4
47147,Robertson County,TN,South,7,-5.8,68.93,63.14
28021,Claiborne County,MS,South,2,-5.77,99.41,93.64
41009,Columbia County,OR,Pacific Northwest,6,-5.74,29.25,23.52
24019,Dorchester County,MD,South,2,-5.72,76.26,70.55
48249,Jim Wells County,TX,South,4,-5.67,87.18,81.5
47167,Tipton County,TN,South,3,-5.67,73.1,67.43
38047,Logan County,ND,Midwest,2,-5.66,43.13,37.46
38021,Dickey County,ND,Midwest,3,-5.65,33.7,28.05
48451,Tom Green County,TX,South,13,-5.65,68.25,62.6
40015,Caddo County,OK,South,10,-5.63,93.36,87.74
13249,Schley County,GA,South,1,-5.62,52.49,46.86
51700,Newport News city,VA,South,6,-5.62,84.44,78.82
35055,Taos County,NM,Mountain,7,-5.61,92.85,87.24
13167,Johnson County,GA,South,1,-5.6,65.89,60.29
48477,Washington County,TX,South,3,-5.59,70.94,65.35
12131,Walton County,FL,South,9,-5.54,60.41,54.87
36009,Cattaraugus County,NY,Northeast,10,-5.54,45.64,40.1
29101,Johnson County,MO,Midwest,9,-5.54,23.79,18.26
08015,Chaffee County,CO,Mountain,4,-5.53,54.66,49.13
48489,Willacy County,TX,South,5,-5.52,98.51,92.99
48193,Hamilton County,TX,South,2,-5.5,54.65,49.15
06101,Sutter County,CA,California,11,-5.47,64.31,58.85
29205,Shelby County,MO,Midwest,2,-5.46,38.26,32.8
41017,Deschutes County,OR,Pacific Northwest,10,-5.45,15.35,9.9
22063,Livingston Parish,LA,South,8,-5.41,80.45,75.04
20029,Cloud County,KS,Midwest,4,-5.4,23.8,18.4
22067,Morehouse Parish,LA,South,1,-5.39,98.62,93.23
28131,Stone County,MS,South,1,-5.39,84.56,79.17
36101,Steuben County,NY,Northeast,10,-5.39,40.09,34.7
06061,Placer County,CA,California,22,-5.37,11.73,6.36
21059,Daviess County,KY,South,10,-5.36,76.94,71.58
38031,Foster County,ND,Midwest,2,-5.35,9.69,4.34
45025,Chesterfield County,SC,South,4,-5.35,91.64,86.29
48105,Crockett County,TX,South,1,-5.34,98.62,93.28
29179,Reynolds County,MO,Midwest,3,-5.31,65.74,60.42
20159,Rice County,KS,Midwest,4,-5.31,19.43,14.12
53055,San Juan County,WA,Pacific Northwest,4,-5.3,8.2,2.9
28083,Leflore County,MS,South,4,-5.3,99.51,94.21
31143,Polk County,NE,Midwest,4,-5.29,16.11,10.82
36097,Schuyler County,NY,Northeast,2,-5.28,14.52,9.24
28101,Newton County,MS,South,4,-5.26,94.26,89.0
29223,Wayne County,MO,Midwest,2,-5.26,63.7,58.44
22015,Bossier Parish,LA,South,5,-5.25,90.98,85.72
25003,Berkshire County,MA,Northeast,13,-5.25,27.63,22.38
45023,Chester County,SC,South,4,-5.24,93.03,87.8
36051,Livingston County,NY,Northeast,8,-5.22,30.09,24.86
34033,Salem County,NJ,Northeast,6,-5.22,85.81,80.59
04017,Navajo County,AZ,Mountain,35,-5.19,97.08,91.88
32001,Churchill County,NV,Mountain,1,-5.17,23.72,18.54
29039,Cedar County,MO,Midwest,2,-5.17,54.81,49.64
28153,Wayne County,MS,South,3,-5.15,95.5,90.35
48027,Bell County,TX,South,21,-5.13,78.17,73.04
19159,Ringgold County,IA,Midwest,2,-5.13,54.51,49.38
13097,Douglas County,GA,South,5,-5.12,80.63,75.52
36045,Jefferson County,NY,Northeast,7,-5.07,30.7,25.63
48469,Victoria County,TX,South,6,-5.06,84.89,79.82
50001,Addison County,VT,Northeast,4,-5.06,7.39,2.32
38073,Ransom County,ND,Midwest,3,-5.04,10.4,5.36
44005,Newport County,RI,Northeast,5,-5.02,19.02,14.01
13075,Cook County,GA,South,1,-5.0,82.09,77.09
54077,Preston County,WV,South,1,-4.98,57.13,52.15
18049,Fulton County,IN,Midwest,2,-4.97,88.94,83.97
46097,Miner County,SD,Midwest,1,-4.96,33.22,28.26
33017,Strafford County,NH,Northeast,7,-4.94,10.96,6.03
22017,Caddo Parish,LA,South,13,-4.93,99.01,94.08
31163,Sherman County,NE,Midwest,2,-4.93,30.76,25.84
29149,Oregon County,MO,Midwest,4,-4.92,60.3,55.38
22055,Lafayette Parish,LA,South,11,-4.89,81.34,76.45
05009,Boone County,AR,South,7,-4.88,43.71,38.82
45069,Marlboro County,SC,South,1,-4.87,99.31,94.44
30071,Phillips County,MT,Mountain,4,-4.86,27.36,22.5
36111,Ulster County,NY,Northeast,10,-4.86,12.01,7.15
06095,Solano County,CA,California,28,-4.86,47.91,43.05
30087,Rosebud County,MT,Mountain,4,-4.85,46.57,41.72
21121,Knox County,KY,South,8,-4.76,91.27,86.51
29219,Warren County,MO,Midwest,2,-4.75,28.47,23.72
49037,San Juan County,AZ,Mountain,5,-4.75,69.91,65.16
48449,Titus County,TX,South,3,-4.75,80.99,76.25
53075,Whitman County,WA,Pacific Northwest,8,-4.74,15.04,10.3
34021,Mercer County,NJ,Northeast,21,-4.74,37.21,32.47
06019,Fresno County,CA,California,77,-4.73,86.07,81.34
30023,Deer Lodge County,MT,Mountain,1,-4.72,69.81,65.09
13035,Butts County,GA,South,1,-4.7,84.56,79.86
05029,Conway County,AR,South,4,-4.68,51.3,46.62
19077,Guthrie County,IA,Midwest,3,-4.68,19.47,14.79
08093,Park County,CO,Mountain,2,-4.66,35.72,31.05
27097,Morrison County,MN,Midwest,11,-4.65,20.06,15.41
47029,Cocke County,TN,South,3,-4.65,72.04,67.39
46069,Hyde County,SD,Midwest,2,-4.65,14.52,9.87
28031,Covington County,MS,South,3,-4.63,97.36,92.73
27093,Meeker County,MN,Midwest,6,-4.62,20.23,15.61
47065,Hamilton County,TN,South,22,-4.61,76.61,72.0
16007,Bear Lake County,ID,Mountain,2,-4.59,49.56,44.96
48165,Gaines County,TX,South,2,-4.58,68.92,64.34
50015,Lamoille County,VT,Northeast,4,-4.57,33.9,29.33
13245,Richmond County,GA,South,12,-4.55,99.12,94.56
28111,Perry County,MS,South,4,-4.53,48.91,44.38
48305,Lynn County,TX,South,1,-4.52,98.62,94.1
28075,Lauderdale County,MS,South,6,-4.51,96.78,92.27
27167,Wilkin County,MN,Midwest,4,-4.43,18.66,14.22
31107,Knox County,NE,Midwest,7,-4.43,38.84,34.41
41001,Baker County,OR,Pacific Northwest,4,-4.43,14.78,10.35
20097,Kiowa County,KS,Midwest,2,-4.42,21.68,17.26
19181,Warren County,IA,Midwest,5,-4.41,27.71,23.3
04021,Pinal County,AZ,Mountain,47,-4.4,47.62,43.22
29125,Maries County,MO,Midwest,2,-4.39,40.69,36.3
48241,Jasper County,TX,South,4,-4.37,82.6,78.24
13137,Habersham County,GA,South,2,-4.35,54.81,50.46
47113,Madison County,TN,South,6,-4.34,97.89,93.55
17103,Lee County,IL,Midwest,3,-4.34,13.8,9.46
48363,Palo Pinto County,TX,South,3,-4.34,68.16,63.82
28029,Copiah County,MS,South,2,-4.33,88.84,84.51
13063,Clayton County,GA,South,12,-4.3,97.9,93.6
49013,Duchesne County,UT,Mountain,4,-4.29,64.42,60.13
51173,Smyth County,VA,South,4,-4.28,85.71,81.43
20149,Pottawatomie County,KS,Midwest,5,-4.25,25.25,21.0
29187,St. Francois County,MO,Midwest,10,-4.25,55.22,50.97
39007,Ashtabula County,OH,Midwest,9,-4.22,55.63,51.41
55033,Dunn County,WI,Midwest,4,-4.18,28.61,24.43
29203,Shannon County,MO,Midwest,3,-4.18,52.47,48.28
37047,Columbus County,NC,South,7,-4.17,94.14,89.97
33005,Cheshire County,NH,Northeast,7,-4.15,8.18,4.04
12043,Glades County,FL,South,2,-4.12,92.46,88.33
29067,Douglas County,MO,Midwest,1,-4.11,43.13,39.01
29153,Ozark County,MO,Midwest,4,-4.11,57.07,52.96
36077,Otsego County,NY,Northeast,4,-4.1,16.54,12.43
40009,Beckham County,OK,South,5,-4.07,85.32,81.25
06111,Ventura County,CA,California,41,-4.06,34.54,30.49
32013,Humboldt County,NV,Mountain,2,-4.04,52.32,48.28
51177,Spotsylvania County,VA,South,5,-4.0,54.28,50.28
42081,Lycoming County,PA,Northeast,9,-3.99,52.92,48.94
30007,Broadwater County,MT,Mountain,1,-3.96,11.3,7.34
29147,Nodaway County,MO,Midwest,9,-3.94,21.87,17.92
28061,Jasper County,MS,South,2,-3.93,74.59,70.66
12099,Palm Beach County,FL,South,53,-3.93,62.94,59.01
13175,Laurens County,GA,South,4,-3.91,91.64,87.73
26059,Hillsdale County,MI,Midwest,9,-3.91,44.14,40.23
46095,Mellette County,SD,Midwest,1,-3.89,65.89,62.0
34013,Essex County,NJ,Northeast,41,-3.88,81.24,77.36
29111,Lewis County,MO,Midwest,2,-3.87,54.65,50.78
18065,Henry County,IN,Midwest,5,-3.87,52.46,48.59
20177,Shawnee County,KS,Midwest,11,-3.87,70.44,66.57
32031,Washoe County,NV,Mountain,23,-3.86,45.95,42.09
16055,Kootenai County,ID,Mountain,12,-3.86,36.07,32.21
12086,Miami-Dade County,FL,South,136,-3.86,76.77,72.91
01117,Shelby County,AL,South,13,-3.86,30.56,26.7
20115,Marion County,KS,Midwest,4,-3.85,20.61,16.76
53023,Garfield County,WA,Pacific Northwest,1,-3.85,8.07,4.22
55089,Ozaukee County,WI,Midwest,5,-3.85,6.97,3.13
49047,Uintah County,UT,Mountain,3,-3.82,64.28,60.46
45055,Kershaw County,SC,South,4,-3.82,47.72,43.9
38093,Stutsman County,ND,Midwest,5,-3.82,18.44,14.62
42057,Fulton County,PA,Northeast,4,-3.8,40.6,36.79
41053,Polk County,OR,Pacific Northwest,4,-3.77,27.28,23.51
48091,Comal County,TX,South,11,-3.76,36.43,32.67
38061,Mountrail County,ND,Midwest,4,-3.73,55.44,51.7
20173,Sedgwick County,KS,Midwest,24,-3.73,61.93,58.2
47157,Shelby County,TN,South,59,-3.73,95.57,91.84
38079,Rolette County,ND,Midwest,7,-3.71,86.2,82.5
51117,Mecklenburg County,VA,South,1,-3.7,90.82,87.12
53043,Lincoln County,WA,Pacific Northwest,9,-3.67,38.2,34.53
19119,Lyon County,IA,Midwest,3,-3.67,19.86,16.19
50017,Orange County,VT,Northeast,5,-3.65,12.86,9.21
29155,Pemiscot County,MO,Midwest,7,-3.62,98.28,94.65
36023,Cortland County,NY,Northeast,5,-3.61,24.08,20.47
13259,Stewart County,GA,South,1,-3.6,73.16,69.55
47037,Davidson County,TN,South,33,-3.58,79.68,76.1
48445,Terry County,TX,South,2,-3.53,99.17,95.64
39001,Adams County,OH,Midwest,5,-3.52,59.76,56.24
55103,Richland County,WI,Midwest,2,-3.48,40.69,37.21
29057,Dade County,MO,Midwest,4,-3.47,41.86,38.38
19027,Carroll County,IA,Midwest,4,-3.47,8.64,5.17
48187,Guadalupe County,TX,South,9,-3.46,48.76,45.3
12105,Polk County,FL,South,38,-3.43,75.76,72.33
28087,Lowndes County,MS,South,7,-3.43,82.1,78.68
53037,Kittitas County,WA,Pacific Northwest,6,-3.42,24.26,20.84
29165,Platte County,MO,Midwest,7,-3.41,22.71,19.3
29189,St. Louis County,MO,Midwest,48,-3.4,56.15,52.75
20187,Stanton County,KS,Midwest,1,-3.38,69.81,66.43
51580,Covington city,VA,South,1,-3.36,97.02,93.66
28019,Choctaw County,MS,South,2,-3.36,52.49,49.13
48279,Lamb County,TX,South,4,-3.35,92.32,88.97
08095,Phillips County,CO,Mountain,3,-3.34,47.8,44.46
28151,Washington County,MS,South,7,-3.3,99.61,96.31
13039,Camden County,GA,South,1,-3.3,61.52,58.22
31039,Cuming County,NE,Midwest,3,-3.28,16.69,13.41
35049,Santa Fe County,NM,Mountain,13,-3.28,37.94,34.66
01133,Winston County,AL,South,7,-3.26,68.07,64.81
19109,Kossuth County,IA,Midwest,1,-3.24,11.3,8.06
37025,Cabarrus County,NC,South,13,-3.23,51.29,48.05
13069,Coffee County,GA,South,2,-3.23,93.94,90.71
48505,Zapata County,TX,South,1,-3.22,99.97,96.76
13305,Wayne County,GA,South,1,-3.21,76.33,73.12
48495,Winkler County,TX,South,2,-3.19,98.97,95.77
38043,Kidder County,ND,Midwest,1,-3.17,28.3,25.13
20175,Seward County,KS,Midwest,2,-3.17,76.26,73.1
31059,Fillmore County,NE,Midwest,3,-3.14,7.91,4.77
37155,Robeson County,NC,South,6,-3.14,98.34,95.2
19053,Decatur County,IA,Midwest,3,-3.12,31.73,28.61
05101,Newton County,AR,South,1,-3.11,38.26,35.15
21227,Warren County,KY,South,13,-3.09,76.72,73.62
20167,Russell County,KS,Midwest,1,-3.09,15.05,11.96
19135,Monroe County,IA,Midwest,1,-3.08,15.05,11.97
35006,Cibola County,NM,Mountain,5,-3.08,94.13,91.05
21111,Jefferson County,KY,South,35,-3.05,80.78,77.73
31023,Butler County,NE,Midwest,2,-3.05,8.07,5.02
38097,Traill County,ND,Midwest,4,-3.05,26.84,23.79
13217,Newton County,GA,South,3,-3.04,76.28,73.24
08065,Lake County,CO,Mountain,2,-3.04,78.38,75.34
21071,Floyd County,KY,South,5,-3.03,75.73,72.7
13021,Bibb County,GA,South,6,-3.02,99.43,96.41
19157,Poweshiek County,IA,Midwest,3,-3.02,21.67,18.65
48087,Collingsworth County,TX,South,1,-3.0,88.94,85.94
42021,Cambria County,PA,Northeast,15,-3.0,48.24,45.24
48359,Oldham County,TX,South,2,-2.98,61.52,58.53
19129,Mills County,IA,Midwest,2,-2.98,26.65,23.68
16067,Minidoka County,ID,Mountain,2,-2.96,77.85,74.88
46013,Brown County,SD,Midwest,6,-2.95,16.74,13.79
48375,Potter County,TX,South,7,-2.94,93.62,90.68
28163,Yazoo County,MS,South,3,-2.9,99.02,96.13
22049,Jackson Parish,LA,South,1,-2.89,79.37,76.48
27101,Murray County,MN,Midwest,2,-2.87,15.3,12.43
51089,Henry County,VA,South,2,-2.84,96.26,93.43
05107,Phillips County,AR,South,4,-2.81,99.62,96.81
12127,Volusia County,FL,South,16,-2.81,60.08,57.28
01071,Jackson County,AL,South,3,-2.79,66.85,64.06
42061,Huntingdon County,PA,Northeast,7,-2.77,49.68,46.91
20089,Jewell County,KS,Midwest,1,-2.77,8.07,5.31
13279,Toombs County,GA,South,2,-2.76,87.9,85.14
46083,Lincoln County,SD,Midwest,5,-2.71,15.68,12.97
31097,Johnson County,NE,Midwest,2,-2.71,19.8,17.09
20011,Bourbon County,KS,Midwest,2,-2.68,35.74,33.06
29157,Perry County,MO,Midwest,2,-2.65,23.72,21.06
17067,Hancock County,IL,Midwest,6,-2.63,25.3,22.68
18037,Dubois County,IN,Midwest,4,-2.63,33.28,30.66
26041,Delta County,MI,Midwest,5,-2.62,30.27,27.65
35013,Doña Ana County,NM,Mountain,18,-2.61,71.4,68.78
37165,Scotland County,NC,South,3,-2.61,94.37,91.77
36063,Niagara County,NY,Northeast,11,-2.6,35.63,33.03
19041,Clay County,IA,Midwest,1,-2.6,15.05,12.45
18075,Jay County,IN,Midwest,1,-2.59,82.09,79.5
19177,Van Buren County,IA,Midwest,1,-2.58,19.3,16.72
37045,Cleveland County,NC,South,6,-2.58,79.31,76.73
13099,Early County,GA,South,1,-2.58,88.94,86.36
37007,Anson County,NC,South,2,-2.58,88.94,86.36
29199,Scotland County,MO,Midwest,1,-2.56,52.49,49.92
05123,St. Francis County,AR,South,3,-2.54,96.18,93.64
48415,Scurry County,TX,South,1,-2.52,84.56,82.04
37157,Rockingham County,NC,South,6,-2.49,64.43,61.94
36115,Washington County,NY,Northeast,9,-2.44,19.05,16.61
54029,Hancock County,WV,South,2,-2.44,50.13,47.69
42043,Dauphin County,PA,Northeast,16,-2.42,64.78,62.36
01059,Franklin County,AL,South,6,-2.41,81.13,78.72
45053,Jasper County,SC,South,5,-2.4,83.92,81.52
31083,Harlan County,NE,Midwest,1,-2.39,47.78,45.4
28027,Coahoma County,MS,South,3,-2.36,99.02,96.66
38025,Dunn County,ND,Midwest,1,-2.35,52.49,50.13
37065,Edgecombe County,NC,South,4,-2.35,97.19,94.84
28051,Holmes County,MS,South,3,-2.33,99.69,97.36
05133,Sevier County,AR,South,3,-2.31,64.28,61.97
38065,Oliver County,ND,Midwest,1,-2.28,33.22,30.94
40113,Osage County,OK,South,9,-2.26,70.21,67.95
26043,Dickinson County,MI,Midwest,4,-2.25,18.75,16.49
41035,Klamath County,OR,Pacific Northwest,9,-2.25,45.13,42.88
19011,Benton County,IA,Midwest,3,-2.19,19.36,17.17
18019,Clark County,IN,Midwest,8,-2.16,50.72,48.55
36075,Oswego County,NY,Northeast,9,-2.14,27.3,25.16
34037,Sussex County,NJ,Northeast,9,-2.14,9.72,7.59
36091,Saratoga County,NY,Northeast,11,-2.13,4.13,2.0
23011,Kennebec County,ME,Northeast,11,-2.1,12.37,10.27
13141,Hancock County,GA,South,1,-2.08,99.02,96.94
27173,Yellow Medicine County,MN,Midwest,3,-2.08,19.3,17.22
04027,Yuma County,AZ,Mountain,25,-2.05,85.5,83.45
54079,Putnam County,WV,South,4,-2.04,54.66,52.62
31133,Pawnee County,NE,Midwest,2,-2.02,26.26,24.24
53031,Jefferson County,WA,Pacific Northwest,3,-1.96,13.8,11.84
16025,Camas County,ID,Mountain,1,-1.96,69.81,67.85
29069,Dunklin County,MO,Midwest,8,-1.94,82.95,81.01
36001,Albany County,NY,Northeast,14,-1.94,30.42,28.48
30101,Toole County,MT,Mountain,2,-1.93,38.26,36.33
06079,San Luis Obispo County,CA,California,22,-1.9,27.11,25.21
46027,Clay County,SD,Midwest,1,-1.89,8.07,6.18
47001,Anderson County,TN,South,4,-1.89,63.33,61.44
30073,Pondera County,MT,Mountain,3,-1.86,54.01,52.15
55061,Kewaunee County,WI,Midwest,4,-1.85,14.53,12.68
28159,Winston County,MS,South,2,-1.85,89.88,88.03
17095,Knox County,IL,Midwest,10,-1.84,32.28,30.45
45077,Pickens County,SC,South,5,-1.83,41.1,39.27
41019,Douglas County,OR,Pacific Northwest,13,-1.82,32.56,30.73
28129,Smith County,MS,South,2,-1.78,86.46,84.68
41037,Lake County,OR,Pacific Northwest,1,-1.78,57.13,55.35
22047,Iberville Parish,LA,South,3,-1.74,88.18,86.44
53077,Yakima County,WA,Pacific Northwest,42,-1.73,77.94,76.21
42121,Venango County,PA,Northeast,5,-1.72,35.24,33.51
29023,Butler County,MO,Midwest,6,-1.72,70.37,68.65
26165,Wexford County,MI,Midwest,5,-1.72,50.54,48.82
05015,Carroll County,AR,South,3,-1.7,44.68,42.98
12115,Sarasota County,FL,South,11,-1.67,48.15,46.48
32005,Douglas County,NV,Mountain,5,-1.65,22.0,20.34
27063,Jackson County,MN,Midwest,3,-1.64,7.16,5.52
28155,Webster County,MS,South,3,-1.63,50.84,49.21
42003,Allegheny County,PA,Northeast,60,-1.62,37.3,35.68
27039,Dodge County,MN,Midwest,6,-1.61,33.29,31.68
45087,Union County,SC,South,2,-1.61,85.71,84.11
20165,Rush County,KS,Midwest,3,-1.61,25.67,24.07
19055,Delaware County,IA,Midwest,2,-1.58,9.69,8.1
09190,Western Connecticut Planning Region,CT,Northeast,23,-1.58,22.47,20.89
11001,District of Columbia,DC,South,41,-1.53,79.31,77.78
36021,Columbia County,NY,Northeast,7,-1.53,14.94,13.41
39015,Brown County,OH,Midwest,6,-1.52,59.24,57.72
29229,Wright County,MO,Midwest,5,-1.52,44.96,43.44
01017,Chambers County,AL,South,5,-1.5,88.15,86.65
01039,Covington County,AL,South,4,-1.5,57.07,55.57
50023,Washington County,VT,Northeast,6,-1.49,5.59,4.09
20061,Geary County,KS,Midwest,1,-1.49,52.49,50.99
31071,Garfield County,NE,Midwest,1,-1.49,33.22,31.74
04011,Greenlee County,AZ,Mountain,4,-1.48,40.67,39.19
20023,Cheyenne County,KS,Midwest,2,-1.47,43.02,41.55
17069,Hardin County,IL,Midwest,1,-1.47,43.13,41.65
29019,Boone County,MO,Midwest,10,-1.47,42.03,40.56
19073,Greene County,IA,Midwest,2,-1.45,6.7,5.24
06077,San Joaquin County,CA,California,50,-1.44,73.0,71.56
47099,Lawrence County,TN,South,4,-1.44,73.16,71.72
19081,Hancock County,IA,Midwest,2,-1.43,21.68,20.25
34011,Cumberland County,NJ,Northeast,8,-1.42,84.53,83.11
37083,Halifax County,NC,South,8,-1.42,92.64,91.23
53029,Island County,WA,Pacific Northwest,8,-1.41,6.11,4.7
12063,Jackson County,FL,South,4,-1.39,80.59,79.19
28049,Hinds County,MS,South,14,-1.35,97.36,96.01
36087,Rockland County,NY,Northeast,12,-1.31,21.29,19.98
13313,Whitfield County,GA,South,6,-1.3,59.83,58.53
48145,Falls County,TX,South,3,-1.28,81.54,80.27
08025,Crowley County,CO,Mountain,1,-1.27,38.26,36.99
01073,Jefferson County,AL,South,38,-1.27,88.83,87.56
53009,Clallam County,WA,Pacific Northwest,7,-1.27,29.1,27.83
53039,Klickitat County,WA,Pacific Northwest,6,-1.26,22.36,21.1
51073,Gloucester County,VA,South,1,-1.24,19.3,18.06
29209,Stone County,MO,Midwest,7,-1.23,60.25,59.02
13095,Dougherty County,GA,South,4,-1.21,99.49,98.28
28033,DeSoto County,MS,South,10,-1.2,56.67,55.47
53013,Columbia County,WA,Pacific Northwest,2,-1.2,26.01,24.81
27105,Nobles County,MN,Midwest,6,-1.2,40.44,39.24
48229,Hudspeth County,TX,South,1,-1.18,99.96,98.78
37051,Cumberland County,NC,South,18,-1.18,83.99,82.81
12005,Bay County,FL,South,12,-1.16,85.42,84.26
42065,Jefferson County,PA,Northeast,4,-1.16,47.79,46.64
48023,Baylor County,TX,South,1,-1.16,79.37,78.21
45067,Marion County,SC,South,3,-1.15,98.32,97.17
48251,Johnson County,TX,South,19,-1.13,58.51,57.38
28133,Sunflower County,MS,South,3,-1.13,99.22,98.09
12033,Escambia County,FL,South,16,-1.07,76.11,75.04
23027,Waldo County,ME,Northeast,5,-1.07,15.28,14.22
47051,Franklin County,TN,South,1,-1.03,65.89,64.85
13185,Lowndes County,GA,South,2,-1.02,91.64,90.61
16031,Cassia County,ID,Mountain,6,-1.0,77.12,76.12
48399,Runnels County,TX,South,3,-1.0,46.05,45.05
34027,Morris County,NJ,Northeast,30,-0.97,8.62,7.65
39079,Jackson County,OH,Midwest,3,-0.97,36.56,35.6
18135,Randolph County,IN,Midwest,7,-0.96,57.64,56.69
40021,Cherokee County,OK,South,4,-0.93,72.92,72.0
51149,Prince George County,VA,South,1,-0.92,73.16,72.23
48177,Gonzales County,TX,South,4,-0.92,85.52,84.59
51590,Danville city,VA,South,3,-0.92,99.51,98.59
48287,Lee County,TX,South,3,-0.91,80.09,79.17
29075,Gentry County,MO,Midwest,3,-0.91,30.24,29.34
46043,Douglas County,SD,Midwest,2,-0.89,43.02,42.13
40153,Woodward County,OK,South,4,-0.88,62.49,61.61
31075,Grant County,NE,Midwest,1,-0.87,38.26,37.39
39163,Vinton County,OH,Midwest,1,-0.84,33.22,32.38
45041,Florence County,SC,South,8,-0.81,94.17,93.36
40103,Noble County,OK,South,4,-0.8,37.67,36.88
20157,Republic County,KS,Midwest,2,-0.79,57.0,56.21
48245,Jefferson County,TX,South,18,-0.74,95.79,95.05
13055,Chattooga County,GA,South,2,-0.74,67.34,66.6
18039,Elkhart County,IN,Midwest,9,-0.74,83.11,82.37
46087,McCook County,SD,Midwest,3,-0.73,12.89,12.16
28047,Harrison County,MS,South,12,-0.73,84.54,83.82
55017,Chippewa County,WI,Midwest,8,-0.72,35.19,34.48
51179,Stafford County,VA,South,5,-0.71,56.02,55.31
08021,Conejos County,CO,Mountain,3,-0.71,76.28,75.58
20125,Montgomery County,KS,Midwest,7,-0.7,53.14,52.45
13081,Crisp County,GA,South,1,-0.69,99.02,98.34
04025,Yavapai County,AZ,Mountain,41,-0.68,36.36,35.68
28103,Noxubee County,MS,South,2,-0.66,79.37,78.71
16069,Nez Perce County,ID,Mountain,5,-0.66,59.71,59.05
53035,Kitsap County,WA,Pacific Northwest,16,-0.64,8.86,8.22
15009,Maui County,HI,Pacific Northwest,5,-0.62,42.67,42.05
51660,Harrisonburg city,VA,South,1,-0.6,82.09,81.5
48417,Shackelford County,TX,South,1,-0.55,57.13,56.58
51840,Winchester city,VA,South,1,-0.53,76.33,75.8
27083,Lyon County,MN,Midwest,8,-0.5,15.58,15.09
39073,Hocking County,OH,Midwest,1,-0.49,33.22,32.73
05145,White County,AR,South,9,-0.48,75.12,74.64
45007,Anderson County,SC,South,12,-0.48,65.41,64.93
17115,Macon County,IL,Midwest,10,-0.47,77.28,76.81
36079,Putnam County,NY,Northeast,5,-0.47,2.82,2.34
35043,Sandoval County,NM,Mountain,9,-0.47,43.47,43.0
51550,Chesapeake city,VA,South,7,-0.46,51.1,50.64
19093,Ida County,IA,Midwest,2,-0.45,13.17,12.73
34001,Atlantic County,NJ,Northeast,14,-0.45,68.22,67.78
40133,Seminole County,OK,South,11,-0.42,85.3,84.88
48475,Ward County,TX,South,2,-0.4,95.1,94.7
13297,Walton County,GA,South,4,-0.39,55.91,55.51
48383,Reagan County,TX,South,1,-0.37,92.46,92.08
44001,Bristol County,RI,Northeast,3,-0.35,4.01,3.66
01009,Blount County,AL,South,7,-0.34,56.2,55.85
21143,Lyon County,KY,South,1,-0.33,52.49,52.15
20147,Phillips County,KS,Midwest,2,-0.32,45.37,45.06
19017,Bremer County,IA,Midwest,7,-0.3,14.19,13.89
19147,Palo Alto County,IA,Midwest,4,-0.3,27.36,27.06
20041,Dickinson County,KS,Midwest,6,-0.3,45.4,45.1
06085,Santa Clara County,CA,California,79,-0.3,31.12,30.82
55109,St. Croix County,WI,Midwest,8,-0.29,4.26,3.97
26117,Montcalm County,MI,Midwest,14,-0.26,33.32,33.05
20163,Rooks County,KS,Midwest,3,-0.26,30.09,29.83
27113,Pennington County,MN,Midwest,4,-0.26,15.55,15.29
29201,Scott County,MO,Midwest,8,-0.26,51.9,51.64
36069,Ontario County,NY,Northeast,9,-0.23,10.73,10.5
48153,Floyd County,TX,South,2,-0.22,73.16,72.93
05021,Clay County,AR,South,3,-0.21,52.47,52.26
29163,Pike County,MO,Midwest,4,-0.19,44.24,44.05
48061,Cameron County,TX,South,39,-0.18,90.84,90.67
31051,Dixon County,NE,Midwest,2,-0.18,26.01,25.83
20095,Kingman County,KS,Midwest,4,-0.17,32.15,31.98
55127,Walworth County,WI,Midwest,10,-0.16,19.51,19.34
23031,York County,ME,Northeast,10,-0.16,5.63,5.47
30017,Custer County,MT,Mountain,2,-0.15,17.18,17.03
42111,Somerset County,PA,Northeast,12,-0.11,24.35,24.24
48197,Hardeman County,TX,South,1,-0.09,52.49,52.4
12091,Okaloosa County,FL,South,14,-0.07,53.99,53.92
09180,Southeastern Connecticut Planning Region,CT,Northeast,22,-0.06,40.45,40.39
02188,Northwest Arctic Borough,AK,Pacific Northwest,1,-0.05,86.86,86.81
46079,Lake County,SD,Midwest,6,-0.02,34.86,34.84
29033,Carroll County,MO,Midwest,6,-0.01,46.15,46.13
13015,Bartow County,GA,South,4,-0.01,59.17,59.17
48103,Crane County,TX,South,1,0.01,99.91,99.91
28035,Forrest County,MS,South,4,0.02,94.48,94.49
34007,Camden County,NJ,Northeast,28,0.02,62.31,62.33
51181,Surry County,VA,South,1,0.03,61.52,61.54
37063,Durham County,NC,South,14,0.03,66.85,66.88
08017,Cheyenne County,CO,Mountain,2,0.04,47.37,47.41
22033,East Baton Rouge Parish,LA,South,21,0.04,94.56,94.6
51121,Montgomery County,VA,South,4,0.05,24.86,24.91
48403,Sabine County,TX,South,3,0.05,80.99,81.05
04019,Pima County,AZ,Mountain,126,0.06,49.09,49.15
53065,Stevens County,WA,Pacific Northwest,14,0.06,31.97,32.04
28073,Lamar County,MS,South,5,0.06,63.57,63.64
01107,Pickens County,AL,South,4,0.07,94.82,94.89
35061,Valencia County,NM,Mountain,6,0.08,74.32,74.41
38035,Grand Forks County,ND,Midwest,7,0.09,22.71,22.8
46102,Oglala Lakota County,SD,Midwest,2,0.1,99.87,99.96
40047,Garfield County,OK,South,9,0.11,78.63,78.74
29169,Pulaski County,MO,Midwest,6,0.11,39.76,39.87
33013,Merrimack County,NH,Northeast,10,0.13,6.74,6.87
46123,Tripp County,SD,Midwest,2,0.13,54.81,54.94
31049,Deuel County,NE,Midwest,2,0.14,38.17,38.31
48053,Burnet County,TX,South,4,0.14,65.66,65.8
22103,St. Tammany Parish,LA,South,8,0.14,51.75,51.89
55081,Monroe County,WI,Midwest,6,0.15,46.9,47.05
51740,Portsmouth city,VA,South,3,0.15,91.91,92.06
34019,Hunterdon County,NJ,Northeast,9,0.15,1.43,1.59
48217,Hill County,TX,South,4,0.16,60.24,60.4
45045,Greenville County,SC,South,23,0.22,55.86,56.08
55019,Clark County,WI,Midwest,8,0.24,53.6,53.84
49009,Daggett County,UT,Mountain,1,0.28,33.22,33.51
36107,Tioga County,NY,Northeast,6,0.33,9.76,10.09
40059,Harper County,OK,South,2,0.33,33.42,33.75
48265,Kerr County,TX,South,5,0.34,56.1,56.43
17145,Perry County,IL,Midwest,2,0.38,33.22,33.61
40127,Pushmataha County,OK,South,4,0.39,77.09,77.48
12113,Santa Rosa County,FL,South,8,0.39,35.0,35.39
27143,Sibley County,MN,Midwest,4,0.42,9.13,9.55
17079,Jasper County,IL,Midwest,3,0.42,7.31,7.74
37033,Caswell County,NC,South,1,0.43,90.82,91.25
19083,Hardin County,IA,Midwest,4,0.45,15.43,15.88
31021,Burt County,NE,Midwest,3,0.45,23.89,24.34
45079,Richland County,SC,South,24,0.47,78.91,79.38
54069,Ohio County,WV,South,1,0.47,76.33,76.8
37127,Nash County,NC,South,7,0.49,79.65,80.14
33015,Rockingham County,NH,Northeast,18,0.53,1.36,1.89
06041,Marin County,CA,California,16,0.55,7.52,8.07
15007,Kauai County,HI,Pacific Northwest,3,0.55,38.2,38.75
42033,Clearfield County,PA,Northeast,7,0.56,40.32,40.88
56043,Washakie County,WY,Mountain,2,0.58,21.51,22.09
27085,McLeod County,MN,Midwest,8,0.59,10.49,11.08
39127,Perry County,OH,Midwest,5,0.6,35.28,35.88
08035,Douglas County,CO,Mountain,16,0.61,1.64,2.26
39107,Mercer County,OH,Midwest,7,0.61,22.68,23.29
34025,Monmouth County,NJ,Northeast,36,0.63,14.09,14.72
53053,Pierce County,WA,Pacific Northwest,59,0.64,26.31,26.95
29089,Howard County,MO,Midwest,3,0.67,39.88,40.55
42125,Washington County,PA,Northeast,16,0.68,14.19,14.87
42101,Philadelphia County,PA,Northeast,70,0.68,87.31,88.0
18145,Shelby County,IN,Midwest,7,0.68,51.7,52.38
42049,Erie County,PA,Northeast,16,0.69,54.98,55.67
27027,Clay County,MN,Midwest,13,0.71,9.73,10.44
31053,Dodge County,NE,Midwest,5,0.72,27.45,28.18
48031,Blanco County,TX,South,2,0.73,21.68,22.41
17147,Piatt County,IL,Midwest,4,0.74,28.42,29.16
17143,Peoria County,IL,Midwest,23,0.75,72.84,73.58
47125,Montgomery County,TN,South,9,0.77,65.35,66.12
13045,Carroll County,GA,South,6,0.77,64.11,64.88
29183,St. Charles County,MO,Midwest,18,0.77,14.56,15.32
17193,White County,IL,Midwest,5,0.77,34.28,35.05
31003,Antelope County,NE,Midwest,3,0.79,28.62,29.41
37031,Carteret County,NC,South,5,0.79,33.41,34.21
17125,Mason County,IL,Midwest,3,0.81,26.94,27.76
19065,Fayette County,IA,Midwest,4,0.83,11.43,12.26
19005,Allamakee County,IA,Midwest,3,0.84,13.97,14.8
49043,Summit County,UT,Mountain,5,0.84,34.7,35.54
20139,Osage County,KS,Midwest,5,0.84,23.79,24.62
01031,Coffee County,AL,South,5,0.85,53.42,54.26
19113,Linn County,IA,Midwest,14,0.85,27.69,28.54
29207,Stoddard County,MO,Midwest,8,0.85,43.02,43.87
36099,Seneca County,NY,Northeast,3,0.86,30.71,31.58
34035,Somerset County,NJ,Northeast,14,0.87,13.44,14.31
19069,Franklin County,IA,Midwest,2,0.91,28.47,29.37
04023,Santa Cruz County,AZ,Mountain,10,0.91,75.84,76.75
08011,Bent County,CO,Mountain,2,0.93,33.22,34.15
31125,Nance County,NE,Midwest,2,0.93,26.01,26.94
20063,Gove County,KS,Midwest,2,0.95,15.05,16.0
29171,Putnam County,MO,Midwest,1,0.97,65.89,66.86
12077,Liberty County,FL,South,2,0.97,63.47,64.44
13017,Ben Hill County,GA,South,2,1.0,97.33,98.33
29121,Macon County,MO,Midwest,6,1.02,50.7,51.73
12011,Broward County,FL,South,68,1.04,64.36,65.4
54041,Lewis County,WV,South,1,1.05,97.02,98.07
54051,Marshall County,WV,South,2,1.06,84.48,85.54
39055,Geauga County,OH,Midwest,5,1.07,14.97,16.04
31077,Greeley County,NE,Midwest,1,1.09,33.22,34.31
37145,Person County,NC,South,3,1.09,61.52,62.6
06013,Contra Costa County,CA,California,56,1.09,32.67,33.76
40109,Oklahoma County,OK,South,38,1.1,73.48,74.58
51101,King William County,VA,South,2,1.17,17.18,18.35
46055,Haakon County,SD,Midwest,1,1.18,52.49,53.66
19071,Fremont County,IA,Midwest,3,1.18,20.77,21.95
17159,Richland County,IL,Midwest,1,1.21,23.72,24.93
31151,Saline County,NE,Midwest,5,1.22,19.19,20.41
37191,Wayne County,NC,South,9,1.24,71.03,72.27
48063,Camp County,TX,South,1,1.24,61.52,62.76
12069,Lake County,FL,South,13,1.26,48.65,49.9
23005,Cumberland County,ME,Northeast,21,1.28,4.34,5.61
05121,Randolph County,AR,South,3,1.3,49.37,50.66
18089,Lake County,IN,Midwest,23,1.31,86.44,87.75
19165,Shelby County,IA,Midwest,2,1.33,17.51,18.83
04013,Maricopa County,AZ,Mountain,347,1.34,44.59,45.93
17165,Saline County,IL,Midwest,5,1.35,29.35,30.7
55045,Green County,WI,Midwest,6,1.35,10.31,11.66
29053,Cooper County,MO,Midwest,8,1.37,29.12,30.49
17009,Brown County,IL,Midwest,1,1.37,23.72,25.09
51670,Hopewell city,VA,South,1,1.41,92.46,93.87
19047,Crawford County,IA,Midwest,2,1.42,42.72,44.14
31123,Morrill County,NE,Midwest,2,1.42,35.74,37.16
42019,Butler County,PA,Northeast,9,1.44,2.18,3.61
30029,Flathead County,MT,Mountain,5,1.44,17.75,19.19
05131,Sebastian County,AR,South,9,1.45,66.67,68.12
42129,Westmoreland County,PA,Northeast,21,1.45,10.8,12.25
13077,Coweta County,GA,South,3,1.45,55.0,56.45
06067,Sacramento County,CA,California,80,1.48,49.46,50.93
55105,Rock County,WI,Midwest,14,1.49,34.09,35.57
31149,Rock County,NE,Midwest,1,1.5,79.37,80.87
17155,Putnam County,IL,Midwest,1,1.5,33.22,34.73
20107,Linn County,KS,Midwest,3,1.55,34.9,36.45
06083,Santa Barbara County,CA,California,21,1.56,41.77,43.33
12073,Leon County,FL,South,11,1.58,67.1,68.68
27171,Wright County,MN,Midwest,32,1.6,8.62,10.22
30039,Granite County,MT,Mountain,2,1.6,30.76,32.36
38081,Sargent County,ND,Midwest,3,1.6,22.24,23.85
41003,Benton County,OR,Pacific Northwest,4,1.62,6.01,7.63
31073,Gosper County,NE,Midwest,1,1.62,52.49,54.11
54081,Raleigh County,WV,South,4,1.64,67.85,69.49
53003,Asotin County,WA,Pacific Northwest,4,1.65,8.99,10.64
30035,Glacier County,MT,Mountain,2,1.67,69.52,71.19
40029,Coal County,OK,South,2,1.69,59.32,61.01
17201,Winnebago County,IL,Midwest,16,1.69,71.18,72.87
37133,Onslow County,NC,South,9,1.7,50.77,52.47
48141,El Paso County,TX,South,58,1.74,83.86,85.6
29097,Jasper County,MO,Midwest,9,1.76,54.02,55.78
17185,Wabash County,IL,Midwest,1,1.76,23.72,25.47
26025,Calhoun County,MI,Midwest,15,1.77,74.74,76.51
30061,Mineral County,MT,Mountain,3,1.78,39.82,41.61
17029,Coles County,IL,Midwest,10,1.79,26.5,28.3
21223,Trimble County,KY,South,2,1.8,76.33,78.13
47189,Wilson County,TN,South,7,1.82,40.91,42.72
48371,Pecos County,TX,South,2,1.86,86.75,88.61
37119,Mecklenburg County,NC,South,35,1.92,57.76,59.68
47105,Loudon County,TN,South,2,1.92,33.22,35.14
39029,Columbiana County,OH,Midwest,13,1.92,32.22,34.14
39071,Highland County,OH,Midwest,5,1.95,49.57,51.51
18003,Allen County,IN,Midwest,13,1.95,70.33,72.28
20113,McPherson County,KS,Midwest,5,1.96,6.48,8.44
15003,Honolulu County,HI,Pacific Northwest,25,1.98,23.06,25.04
37035,Catawba County,NC,South,10,2.0,44.38,46.38
46081,Lawrence County,SD,Midwest,5,2.0,30.3,32.29
28007,Attala County,MS,South,4,2.0,95.25,97.25
19185,Wayne County,IA,Midwest,2,2.01,40.5,42.51
26151,Sanilac County,MI,Midwest,10,2.05,34.82,36.88
13179,Liberty County,GA,South,2,2.05,73.16,75.21
53059,Skamania County,WA,Pacific Northwest,3,2.06,19.36,21.42
31085,Hayes County,NE,Midwest,1,2.08,28.3,30.39
48135,Ector County,TX,South,8,2.09,93.12,95.21
54091,Taylor County,WV,South,1,2.12,57.13,59.26
25023,Plymouth County,MA,Northeast,33,2.13,14.06,16.19
36059,Nassau County,NY,Northeast,56,2.13,13.56,15.69
46059,Hand County,SD,Midwest,1,2.15,23.72,25.87
29195,Saline County,MO,Midwest,5,2.16,43.02,45.17
48365,Panola County,TX,South,4,2.16,77.09,79.25
55035,Eau Claire County,WI,Midwest,9,2.17,31.73,33.91
46063,Harding County,SD,Midwest,1,2.2,38.26,40.45
25015,Hampshire County,MA,Northeast,13,2.24,5.39,7.64
19045,Clinton County,IA,Midwest,5,2.25,34.19,36.44
55055,Jefferson County,WI,Midwest,6,2.28,11.56,13.83
05091,Miller County,AR,South,4,2.29,81.84,84.14
48209,Hays County,TX,South,9,2.31,35.55,37.86
17153,Pulaski County,IL,Midwest,3,2.32,80.09,82.4
28117,Prentiss County,MS,South,6,2.33,67.91,70.24
36037,Genesee County,NY,Northeast,8,2.33,9.19,11.52
45037,Edgefield County,SC,South,4,2.34,66.25,68.59
40143,Tulsa County,OK,South,25,2.35,73.46,75.81
01089,Madison County,AL,South,14,2.36,62.61,64.97
29115,Linn County,MO,Midwest,6,2.38,56.94,59.33
51730,Petersburg city,VA,South,1,2.39,93.94,96.33
48341,Moore County,TX,South,3,2.39,78.21,80.6
19131,Mitchell County,IA,Midwest,2,2.4,8.07,10.47
42037,Columbia County,PA,Northeast,7,2.4,19.47,21.87
17039,De Witt County,IL,Midwest,2,2.41,10.19,12.59
36065,Oneida County,NY,Northeast,15,2.42,25.94,28.35
48019,Bandera County,TX,South,1,2.42,69.81,72.23
40001,Adair County,OK,South,4,2.43,85.52,87.95
18053,Grant County,IN,Midwest,7,2.44,75.38,77.82
20013,Brown County,KS,Midwest,2,2.45,30.99,33.44
29003,Andrew County,MO,Midwest,2,2.45,17.18,19.63
18057,Hamilton County,IN,Midwest,12,2.47,13.4,15.87
31103,Keya Paha County,NE,Midwest,1,2.49,82.09,84.59
47145,Roane County,TN,South,6,2.5,43.13,45.63
31131,Otoe County,NE,Midwest,3,2.52,14.36,16.88
17123,Marshall County,IL,Midwest,2,2.54,26.26,28.81
36067,Onondaga County,NY,Northeast,24,2.55,40.49,43.04
13149,Heard County,GA,South,2,2.57,69.81,72.38
18107,Montgomery County,IN,Midwest,3,2.58,46.18,48.76
24510,Baltimore city,MD,South,35,2.6,91.61,94.21
42027,Centre County,PA,Northeast,6,2.61,7.61,10.22
48039,Brazoria County,TX,South,20,2.62,53.04,55.66
47093,Knox County,TN,South,21,2.63,57.28,59.9
19105,Jones County,IA,Midwest,3,2.63,19.47,22.1
19095,Iowa County,IA,Midwest,4,2.65,17.18,19.83
13139,Hall County,GA,South,11,2.66,55.31,57.96
06073,San Diego County,CA,California,141,2.67,30.77,33.43
28121,Rankin County,MS,South,9,2.7,48.63,51.33
05099,Nevada County,AR,South,2,2.7,76.33,79.03
08087,Morgan County,CO,Mountain,6,2.7,52.47,55.17
25021,Norfolk County,MA,Northeast,31,2.71,4.02,6.73
42069,Lackawanna County,PA,Northeast,12,2.72,53.38,56.1
28053,Humphreys County,MS,South,2,2.74,87.9,90.63
17091,Kankakee County,IL,Midwest,10,2.74,60.59,63.33
24013,Carroll County,MD,South,10,2.75,1.55,4.3
53073,Whatcom County,WA,Pacific Northwest,20,2.77,12.26,15.03
38015,Burleigh County,ND,Midwest,6,2.79,21.22,24.01
17167,Sangamon County,IL,Midwest,19,2.79,53.23,56.02
53067,Thurston County,WA,Pacific Northwest,21,2.8,11.77,14.57
17035,Cumberland County,IL,Midwest,2,2.81,17.18,19.99
55093,Pierce County,WI,Midwest,7,2.87,2.57,5.44
13147,Hart County,GA,South,1,2.91,57.13,60.04
06113,Yolo County,CA,California,17,2.92,23.79,26.71
31155,Saunders County,NE,Midwest,5,2.92,12.01,14.93
39175,Wyandot County,OH,Midwest,3,2.95,22.79,25.73
39099,Mahoning County,OH,Midwest,25,2.95,71.0,73.95
48129,Donley County,TX,South,1,2.96,76.33,79.29
51199,York County,VA,South,5,2.96,22.52,25.49
17021,Christian County,IL,Midwest,6,2.96,28.41,31.38
36013,Chautauqua County,NY,Northeast,16,2.97,33.42,36.39
39053,Gallia County,OH,Midwest,5,2.97,53.42,56.38
34031,Passaic County,NJ,Northeast,25,2.99,67.26,70.25
51650,Hampton city,VA,South,4,3.08,73.11,76.19
19163,Scott County,IA,Midwest,7,3.09,35.4,38.48
29043,Christian County,MO,Midwest,8,3.09,20.14,23.23
05047,Franklin County,AR,South,2,3.09,69.52,72.62
08014,Broomfield County,CO,Mountain,3,3.1,2.08,5.18
35001,Bernalillo County,NM,Mountain,48,3.12,61.62,64.74
17057,Fulton County,IL,Midwest,8,3.16,30.8,33.96
29151,Osage County,MO,Midwest,3,3.16,27.2,30.37
08101,Pueblo County,CO,Mountain,11,3.16,71.93,75.1
30111,Yellowstone County,MT,Mountain,9,3.18,37.6,40.78
17141,Ogle County,IL,Midwest,8,3.19,25.16,28.35
17171,Scott County,IL,Midwest,2,3.19,50.13,53.32
30077,Powell County,MT,Mountain,1,3.19,38.26,41.45
36071,Orange County,NY,Northeast,16,3.19,12.47,15.66
47019,Carter County,TN,South,6,3.21,75.15,78.37
01023,Choctaw County,AL,South,2,3.22,69.52,72.74
20091,Johnson County,KS,Midwest,22,3.22,8.57,11.8
26145,Saginaw County,MI,Midwest,24,3.24,72.5,75.74
41043,Linn County,OR,Pacific Northwest,11,3.24,24.88,28.12
09110,Capitol Planning Region,CT,Northeast,59,3.25,36.55,39.79
45091,York County,SC,South,11,3.25,38.9,42.16
27023,Chippewa County,MN,Midwest,4,3.32,19.34,22.66
36109,Tompkins County,NY,Northeast,11,3.33,5.42,8.75
42013,Blair County,PA,Northeast,9,3.34,32.28,35.62
55131,Washington County,WI,Midwest,6,3.35,2.48,5.83
42119,Union County,PA,Northeast,3,3.35,23.96,27.31
30043,Jefferson County,MT,Mountain,2,3.36,45.45,48.82
55059,Kenosha County,WI,Midwest,10,3.37,59.05,62.42
27055,Houston County,MN,Midwest,8,3.4,6.11,9.51
48191,Hall County,TX,South,1,3.4,82.09,85.49
18103,Miami County,IN,Midwest,3,3.41,50.92,54.32
06037,Los Angeles County,CA,California,509,3.41,64.31,67.71
48499,Wood County,TX,South,7,3.43,66.8,70.23
41005,Clackamas County,OR,Pacific Northwest,21,3.43,4.29,7.72
20199,Wallace County,KS,Midwest,2,3.47,38.17,41.65
36027,Dutchess County,NY,Northeast,15,3.48,7.24,10.72
19049,Dallas County,IA,Midwest,7,3.51,3.4,6.91
26067,Ionia County,MI,Midwest,11,3.52,14.85,18.36
17127,Massac County,IL,Midwest,2,3.56,59.32,62.88
27129,Renville County,MN,Midwest,4,3.56,27.16,30.72
28089,Madison County,MS,South,7,3.57,57.97,61.54
48201,Harris County,TX,South,205,3.59,78.51,82.1
40083,Logan County,OK,South,5,3.59,38.14,41.73
13321,Worth County,GA,South,2,3.6,91.64,95.24
31159,Seward County,NE,Midwest,3,3.6,22.08,25.68
21073,Franklin County,KY,South,7,3.6,75.38,78.98
27133,Rock County,MN,Midwest,3,3.61,10.56,14.17
56003,Big Horn County,WY,Mountain,5,3.61,33.24,36.85
05031,Craighead County,AR,South,9,3.62,79.42,83.04
38019,Cavalier County,ND,Midwest,2,3.62,45.45,49.07
27079,Le Sueur County,MN,Midwest,5,3.65,15.25,18.9
19025,Calhoun County,IA,Midwest,2,3.67,26.01,29.68
36043,Herkimer County,NY,Northeast,8,3.67,24.04,27.71
48485,Wichita County,TX,South,13,3.67,75.55,79.23
36089,St. Lawrence County,NY,Northeast,12,3.68,23.25,26.92
42029,Chester County,PA,Northeast,21,3.7,3.78,7.47
31169,Thayer County,NE,Midwest,3,3.75,28.41,32.16
45059,Laurens County,SC,South,2,3.75,73.99,77.74
48481,Wharton County,TX,South,5,3.75,73.12,76.88
26159,Van Buren County,MI,Midwest,16,3.76,40.94,44.7
20143,Ottawa County,KS,Midwest,3,3.77,19.36,23.13
20001,Allen County,KS,Midwest,6,3.79,47.02,50.81
39165,Warren County,OH,Midwest,11,3.81,14.17,17.98
48181,Grayson County,TX,South,16,3.83,50.39,54.22
48327,Menard County,TX,South,1,3.84,65.89,69.73
16001,Ada County,ID,Mountain,35,3.85,15.33,19.18
51143,Pittsylvania County,VA,South,4,3.91,69.15,73.06
19085,Harrison County,IA,Midwest,5,3.92,13.76,17.68
18033,DeKalb County,IN,Midwest,4,3.93,37.0,40.93
13315,Wilcox County,GA,South,1,3.94,69.81,73.75
48411,San Saba County,TX,South,2,3.94,65.66,69.61
05141,Van Buren County,AR,South,3,3.96,50.75,54.72
18005,Bartholomew County,IN,Midwest,4,3.99,61.4,65.39
29113,Lincoln County,MO,Midwest,5,4.0,42.03,46.03
08013,Boulder County,CO,Mountain,17,4.0,6.29,10.28
37153,Richmond County,NC,South,3,4.06,84.56,88.62
20169,Saline County,KS,Midwest,4,4.07,21.59,25.66
31105,Kimball County,NE,Midwest,1,4.08,43.13,47.2
56041,Uinta County,WY,Mountain,4,4.08,32.26,36.34
31135,Perkins County,NE,Midwest,1,4.09,33.22,37.31
41061,Union County,OR,Pacific Northwest,4,4.1,29.72,33.81
21179,Nelson County,KY,South,6,4.1,37.42,41.52
29177,Ray County,MO,Midwest,4,4.12,27.46,31.58
46067,Hutchinson County,SD,Midwest,6,4.12,20.2,24.33
28123,Scott County,MS,South,4,4.13,94.22,98.35
17031,Cook County,IL,Midwest,265,4.22,69.78,74.0
27131,Rice County,MN,Midwest,11,4.25,17.28,21.53
27049,Goodhue County,MN,Midwest,17,4.26,8.62,12.88
29227,Worth County,MO,Midwest,1,4.27,47.78,52.05
18081,Johnson County,IN,Midwest,7,4.28,33.38,37.65
48215,Hidalgo County,TX,South,74,4.33,89.91,94.24
27067,Kandiyohi County,MN,Midwest,5,4.34,26.5,30.85
19043,Clayton County,IA,Midwest,4,4.38,31.08,35.45
53061,Snohomish County,WA,Pacific Northwest,54,4.38,15.29,19.67
19195,Worth County,IA,Midwest,2,4.4,8.07,12.47
08119,Teller County,CO,Mountain,2,4.41,50.13,54.54
05127,Scott County,AR,South,2,4.42,52.32,56.74
39149,Shelby County,OH,Midwest,8,4.42,34.55,38.97
21147,McCreary County,KY,South,1,4.43,61.52,65.95
46125,Turner County,SD,Midwest,5,4.43,6.28,10.72
31121,Merrick County,NE,Midwest,2,4.44,17.18,21.62
38085,Sioux County,ND,Midwest,2,4.47,65.14,69.61
41039,Lane County,OR,Pacific Northwest,29,4.47,13.85,18.33
29065,Dent County,MO,Midwest,1,4.54,52.49,57.02
48329,Midland County,TX,South,7,4.54,62.93,67.47
37161,Rutherford County,NC,South,5,4.54,50.61,55.16
17163,St. Clair County,IL,Midwest,21,4.54,78.65,83.19
01127,Walker County,AL,South,7,4.56,81.28,85.84
42097,Northumberland County,PA,Northeast,7,4.61,28.47,33.08
42005,Armstrong County,PA,Northeast,5,4.63,16.2,20.83
42091,Montgomery County,PA,Northeast,27,4.64,5.5,10.14
48113,Dallas County,TX,South,127,4.65,78.56,83.22
39065,Hardin County,OH,Midwest,7,4.66,67.04,71.71
19133,Monona County,IA,Midwest,3,4.67,31.58,36.26
33011,Hillsborough County,NH,Northeast,24,4.68,11.0,15.68
48077,Clay County,TX,South,2,4.69,71.11,75.79
27091,Martin County,MN,Midwest,5,4.71,19.43,24.14
37091,Hertford County,NC,South,3,4.72,91.19,95.92
29135,Moniteau County,MO,Midwest,3,4.73,34.91,39.63
29011,Barton County,MO,Midwest,4,4.75,31.0,35.75
51810,Virginia Beach city,VA,South,12,4.79,30.49,35.29
48453,Travis County,TX,South,63,4.82,24.48,29.3
55065,Lafayette County,WI,Midwest,7,4.85,15.02,19.87
29045,Clark County,MO,Midwest,1,4.85,57.13,61.98
18043,Floyd County,IN,Midwest,3,4.86,59.85,64.71
29091,Howell County,MO,Midwest,3,4.89,60.06,64.94
29213,Taney County,MO,Midwest,4,4.9,62.61,67.51
19009,Audubon County,IA,Midwest,1,4.91,33.22,38.14
55079,Milwaukee County,WI,Midwest,62,4.93,81.85,86.78
48381,Randall County,TX,South,11,4.95,45.49,50.44
56029,Park County,WY,Mountain,4,4.97,28.47,33.44
48479,Webb County,TX,South,17,4.97,90.82,95.78
53069,Wahkiakum County,WA,Pacific Northwest,1,4.98,15.05,20.03
51061,Fauquier County,VA,South,3,4.99,30.09,35.08
48235,Irion County,TX,South,1,5.01,92.46,97.46
12057,Hillsborough County,FL,South,55,5.01,63.93,68.94
16043,Fremont County,ID,Mountain,4,5.02,55.7,60.72
48219,Hockley County,TX,South,4,5.03,70.46,75.48
19075,Grundy County,IA,Midwest,4,5.03,6.21,11.24
48097,Cooke County,TX,South,6,5.03,57.04,62.07
53007,Chelan County,WA,Pacific Northwest,12,5.04,26.84,31.88
20073,Greenwood County,KS,Midwest,3,5.04,54.03,59.08
02016,Aleutians West Census Area,AK,Pacific Northwest,1,5.06,52.49,57.54
12117,Seminole County,FL,South,13,5.08,33.17,38.25
37089,Henderson County,NC,South,6,5.09,33.49,38.58
45051,Horry County,SC,South,15,5.11,60.44,65.54
34015,Gloucester County,NJ,Northeast,14,5.14,14.69,19.83
12109,St. Johns County,FL,South,19,5.15,27.0,32.15
26033,Chippewa County,MI,Midwest,8,5.16,50.71,55.87
17005,Bond County,IL,Midwest,2,5.17,26.01,31.18
37159,Rowan County,NC,South,8,5.19,67.0,72.19
31041,Custer County,NE,Midwest,6,5.21,25.41,30.63
27103,Nicollet County,MN,Midwest,6,5.22,8.07,13.29
18157,Tippecanoe County,IN,Midwest,6,5.22,49.25,54.47
20133,Neosho County,KS,Midwest,3,5.23,33.26,38.49
45071,Newberry County,SC,South,4,5.23,79.97,85.2
48029,Bexar County,TX,South,103,5.26,76.82,82.08
29077,Greene County,MO,Midwest,19,5.26,50.36,55.62
53019,Ferry County,WA,Pacific Northwest,3,5.29,46.25,51.53
39109,Miami County,OH,Midwest,9,5.29,16.22,21.51
34023,Middlesex County,NJ,Northeast,34,5.29,32.0,37.29
09140,Naugatuck Valley Planning Region,CT,Northeast,24,5.32,42.84,48.16
53027,Grays Harbor County,WA,Pacific Northwest,14,5.33,35.6,40.93
12039,Gadsden County,FL,South,2,5.34,88.02,93.36
17015,Carroll County,IL,Midwest,3,5.35,28.58,33.93
13255,Spalding County,GA,South,3,5.37,82.92,88.28
54055,Mercer County,WV,South,4,5.41,63.7,69.11
50007,Chittenden County,VT,Northeast,10,5.42,2.59,8.02
17085,Jo Daviess County,IL,Midwest,8,5.45,36.99,42.44
39085,Lake County,OH,Midwest,13,5.45,10.63,16.08
26093,Livingston County,MI,Midwest,14,5.45,0.43,5.88
37085,Harnett County,NC,South,6,5.46,58.58,64.04
38101,Ward County,ND,Midwest,10,5.47,18.88,24.36
39005,Ashland County,OH,Midwest,7,5.48,43.04,48.52
48423,Smith County,TX,South,12,5.49,76.31,81.8
12119,Sumter County,FL,South,2,5.5,80.73,86.23
19033,Cerro Gordo County,IA,Midwest,3,5.53,44.68,50.2
56021,Laramie County,WY,Mountain,8,5.54,39.33,44.86
51770,Roanoke city,VA,South,2,5.54,85.52,91.05
41059,Umatilla County,OR,Pacific Northwest,9,5.54,37.07,42.61
12003,Baker County,FL,South,1,5.55,82.09,87.64
48221,Hood County,TX,South,6,5.56,44.59,50.14
29093,Iron County,MO,Midwest,4,5.58,59.14,64.72
31179,Wayne County,NE,Midwest,3,5.58,10.9,16.48
31031,Cherry County,NE,Midwest,2,5.59,68.53,74.12
19171,Tama County,IA,Midwest,3,5.6,35.03,40.63
20191,Sumner County,KS,Midwest,9,5.62,18.47,24.08
41051,Multnomah County,OR,Pacific Northwest,23,5.62,19.66,25.27
20205,Wilson County,KS,Midwest,3,5.65,47.78,53.43
35057,Torrance County,NM,Mountain,3,5.69,56.84,62.53
31095,Jefferson County,NE,Midwest,3,5.7,15.05,20.76
20051,Ellis County,KS,Midwest,3,5.74,13.45,19.18
18035,Delaware County,IN,Midwest,9,5.75,75.31,81.06
48497,Wise County,TX,South,6,5.8,45.36,51.16
55071,Manitowoc County,WI,Midwest,7,5.8,18.09,23.89
31185,York County,NE,Midwest,3,5.82,12.55,18.36
05055,Greene County,AR,South,3,5.82,49.35,55.16
39103,Medina County,OH,Midwest,8,5.83,3.45,9.28
20087,Jefferson County,KS,Midwest,6,5.85,12.85,18.7
21101,Henderson County,KY,South,2,5.88,77.62,83.5
17081,Jefferson County,IL,Midwest,7,5.88,69.56,75.44
51069,Frederick County,VA,South,3,5.88,39.88,45.76
06059,Orange County,CA,California,108,5.88,30.5,36.38
19191,Winneshiek County,IA,Midwest,3,5.91,16.11,22.02
19035,Cherokee County,IA,Midwest,2,5.91,11.3,17.21
36083,Rensselaer County,NY,Northeast,9,5.91,19.78,25.69
42063,Indiana County,PA,Northeast,8,5.91,14.7,20.62
20055,Finney County,KS,Midwest,4,5.93,53.65,59.57
46003,Aurora County,SD,Midwest,4,5.96,41.76,47.72
18177,Wayne County,IN,Midwest,6,5.97,76.72,82.68
48277,Lamar County,TX,South,5,5.97,69.03,74.99
39057,Greene County,OH,Midwest,9,6.0,9.38,15.37
46009,Bon Homme County,SD,Midwest,3,6.01,22.74,28.76
19019,Buchanan County,IA,Midwest,3,6.02,9.31,15.32
42107,Schuylkill County,PA,Northeast,12,6.05,38.11,44.16
48015,Austin County,TX,South,4,6.05,54.79,60.85
26163,Wayne County,MI,Midwest,130,6.08,80.37,86.45
13031,Bulloch County,GA,South,4,6.09,64.42,70.51
16063,Lincoln County,ID,Mountain,2,6.09,50.13,56.22
47027,Clay County,TN,South,2,6.09,52.49,58.58
29021,Buchanan County,MO,Midwest,9,6.13,69.45,75.58
48005,Angelina County,TX,South,13,6.13,70.08,76.21
08069,Larimer County,CO,Mountain,15,6.15,8.83,14.98
39077,Huron County,OH,Midwest,6,6.18,35.72,41.91
37147,Pitt County,NC,South,8,6.19,75.67,81.86
31033,Cheyenne County,NE,Midwest,3,6.19,30.26,36.45
17135,Montgomery County,IL,Midwest,5,6.19,33.22,39.41
51710,Norfolk city,VA,South,5,6.24,84.49,90.74
25017,Middlesex County,MA,Northeast,62,6.25,5.92,12.17
17173,Shelby County,IL,Midwest,6,6.25,19.36,25.61
19175,Union County,IA,Midwest,2,6.26,35.74,42.0
48339,Montgomery County,TX,South,23,6.27,38.04,44.31
36007,Broome County,NY,Northeast,12,6.28,30.62,36.9
36093,Schenectady County,NY,Northeast,6,6.36,26.91,33.27
42017,Bucks County,PA,Northeast,20,6.4,7.21,13.61
46071,Jackson County,SD,Midwest,1,6.4,79.37,85.77
19141,O'Brien County,IA,Midwest,3,6.42,13.8,20.22
31177,Washington County,NE,Midwest,3,6.44,20.64,27.08
23001,Androscoggin County,ME,Northeast,6,6.45,5.59,12.03
36121,Wyoming County,NY,Northeast,4,6.48,17.6,24.08
27019,Carver County,MN,Midwest,19,6.49,1.25,7.73
12121,Suwannee County,FL,South,3,6.5,64.43,70.93
27169,Winona County,MN,Midwest,6,6.52,4.93,11.45
29159,Pettis County,MO,Midwest,6,6.52,27.75,34.28
31045,Dawes County,NE,Midwest,3,6.56,39.64,46.2
39059,Guernsey County,OH,Midwest,4,6.57,62.96,69.53
27109,Olmsted County,MN,Midwest,23,6.59,9.24,15.83
29083,Henry County,MO,Midwest,5,6.61,33.24,39.85
34005,Burlington County,NJ,Northeast,27,6.66,16.79,23.45
46025,Clark County,SD,Midwest,2,6.66,30.76,37.43
27015,Brown County,MN,Midwest,8,6.68,4.84,11.52
16005,Bannock County,ID,Mountain,7,6.69,53.71,60.41
20025,Clark County,KS,Midwest,2,6.71,47.69,54.4
19189,Winnebago County,IA,Midwest,3,6.72,19.36,26.07
40119,Payne County,OK,South,6,6.73,63.09,69.82
28037,Franklin County,MS,South,2,6.73,67.85,74.58
24003,Anne Arundel County,MD,South,16,6.78,17.81,24.59
18141,St. Joseph County,IN,Midwest,12,6.8,74.92,81.73
49007,Carbon County,UT,Mountain,1,6.87,57.13,64.0
42059,Greene County,PA,Northeast,6,6.87,30.78,37.65
41011,Coos County,OR,Pacific Northwest,8,6.87,13.68,20.55
36119,Westchester County,NY,Northeast,55,6.87,10.65,17.52
08041,El Paso County,CO,Mountain,53,6.89,40.68,47.57
53005,Benton County,WA,Pacific Northwest,17,6.89,41.27,48.17
21067,Fayette County,KY,South,20,6.9,62.13,69.03
16065,Madison County,ID,Mountain,4,6.92,39.23,46.15
55117,Sheboygan County,WI,Midwest,14,6.93,17.91,24.84
28109,Pearl River County,MS,South,7,6.93,65.55,72.48
28119,Quitman County,MS,South,2,6.96,80.73,87.69
04003,Cochise County,AZ,Mountain,29,6.99,36.7,43.69
18179,Wells County,IN,Midwest,3,7.0,46.05,53.05
42067,Juniata County,PA,Northeast,2,7.01,38.26,45.27
31009,Blaine County,NE,Midwest,1,7.11,73.16,80.26
28025,Clay County,MS,South,2,7.11,92.46,99.57
36029,Erie County,NY,Northeast,54,7.11,38.45,45.56
27139,Scott County,MN,Midwest,19,7.13,1.22,8.35
39145,Scioto County,OH,Midwest,11,7.16,62.63,69.79
19037,Chickasaw County,IA,Midwest,2,7.18,17.18,24.36
20153,Rawlins County,KS,Midwest,1,7.24,33.22,40.46
17139,Moultrie County,IL,Midwest,2,7.26,19.38,26.64
13117,Forsyth County,GA,South,8,7.26,7.51,14.77
20047,Edwards County,KS,Midwest,1,7.27,33.22,40.49
34039,Union County,NJ,Northeast,39,7.29,44.32,51.62
08103,Rio Blanco County,CO,Mountain,2,7.3,38.26,45.55
19121,Madison County,IA,Midwest,3,7.3,18.5,25.8
20181,Sherman County,KS,Midwest,2,7.32,50.13,57.46
49011,Davis County,UT,Mountain,16,7.33,19.54,26.87
26049,Genesee County,MI,Midwest,40,7.35,68.15,75.5
31067,Gage County,NE,Midwest,5,7.37,17.97,25.34
55133,Waukesha County,WI,Midwest,25,7.38,3.51,10.89
12059,Holmes County,FL,South,3,7.38,57.05,64.43
04009,Graham County,AZ,Mountain,15,7.39,63.7,71.09
17011,Bureau County,IL,Midwest,6,7.42,18.7,26.13
06055,Napa County,CA,California,10,7.45,21.49,28.94
08123,Weld County,CO,Mountain,24,7.47,28.95,36.43
26125,Oakland County,MI,Midwest,76,7.5,19.12,26.62
06001,Alameda County,CA,California,85,7.5,39.0,46.5
40081,Lincoln County,OK,South,8,7.51,72.71,80.22
48227,Howard County,TX,South,4,7.52,49.83,57.35
31027,Cedar County,NE,Midwest,4,7.53,14.24,21.77
27161,Waseca County,MN,Midwest,5,7.55,12.05,19.6
19101,Jefferson County,IA,Midwest,2,7.57,15.89,23.46
37081,Guilford County,NC,South,32,7.58,69.49,77.07
45057,Lancaster County,SC,South,5,7.63,67.34,74.97
47097,Lauderdale County,TN,South,2,7.65,85.71,93.37
26157,Tuscola County,MI,Midwest,12,7.69,26.99,34.68
27151,Swift County,MN,Midwest,5,7.69,23.75,31.44
42045,Delaware County,PA,Northeast,19,7.71,46.49,54.21
51760,Richmond city,VA,South,10,7.73,84.74,92.47
28125,Sharkey County,MS,South,2,7.73,83.33,91.06
08075,Logan County,CO,Mountain,5,7.76,39.23,46.99
13059,Clarke County,GA,South,4,7.8,67.41,75.2
28067,Jones County,MS,South,6,7.81,77.32,85.12
27165,Watonwan County,MN,Midwest,3,7.85,31.94,39.79
06087,Santa Cruz County,CA,California,20,7.85,26.88,34.73
20067,Grant County,KS,Midwest,2,7.89,47.69,55.58
39009,Athens County,OH,Midwest,8,7.89,47.11,55.0
42085,Mercer County,PA,Northeast,14,7.89,39.14,47.03
31017,Brown County,NE,Midwest,1,7.9,82.09,90.0
51085,Hanover County,VA,South,4,7.91,18.24,26.15
48199,Hardin County,TX,South,5,7.94,74.52,82.47
53047,Okanogan County,WA,Pacific Northwest,16,8.02,53.43,61.45
48323,Maverick County,TX,South,2,8.03,88.84,96.87
53011,Clark County,WA,Pacific Northwest,33,8.03,10.77,18.8
31139,Pierce County,NE,Midwest,3,8.04,17.94,25.98
55097,Portage County,WI,Midwest,6,8.05,10.07,18.12
48003,Andrews County,TX,South,2,8.1,90.4,98.5
38099,Walsh County,ND,Midwest,5,8.11,32.29,40.4
37105,Lee County,NC,South,5,8.11,67.46,75.57
49053,Washington County,UT,Mountain,13,8.15,31.95,40.1
29047,Clay County,MO,Midwest,16,8.15,23.78,31.94
17033,Crawford County,IL,Midwest,4,8.16,15.3,23.46
01125,Tuscaloosa County,AL,South,11,8.18,77.31,85.49
46093,Meade County,SD,Midwest,2,8.25,38.17,46.42
35028,Los Alamos County,NM,Mountain,1,8.25,0.28,8.53
31087,Hitchcock County,NE,Midwest,1,8.26,47.78,56.04
51036,Charles City County,VA,South,1,8.26,52.49,60.75
17133,Monroe County,IL,Midwest,5,8.31,7.48,15.79
24009,Calvert County,MD,South,4,8.33,10.62,18.96
16061,Lewis County,ID,Mountain,1,8.35,47.78,56.14
39041,Delaware County,OH,Midwest,10,8.39,2.52,10.91
55121,Trempealeau County,WI,Midwest,7,8.5,15.17,23.66
26099,Macomb County,MI,Midwest,54,8.51,38.6,47.11
37019,Brunswick County,NC,South,5,8.54,38.23,46.77
29025,Caldwell County,MO,Midwest,4,8.55,41.76,50.31
39013,Belmont County,OH,Midwest,8,8.56,53.98,62.54
32033,White Pine County,NV,Mountain,3,8.56,39.64,48.2
01049,DeKalb County,AL,South,4,8.6,54.54,63.13
12023,Columbia County,FL,South,4,8.6,82.09,90.69
27117,Pipestone County,MN,Midwest,4,8.63,14.11,22.74
20043,Doniphan County,KS,Midwest,3,8.64,44.15,52.79
47045,Dyer County,TN,South,2,8.65,77.85,86.5
46029,Codington County,SD,Midwest,4,8.65,32.41,41.07
24033,Prince George's County,MD,South,25,8.66,58.06,66.72
40013,Bryan County,OK,South,8,8.67,64.23,72.9
29123,Madison County,MO,Midwest,2,8.67,59.19,67.86
26015,Barry County,MI,Midwest,5,8.68,13.02,21.7
36117,Wayne County,NY,Northeast,11,8.68,13.19,21.87
42001,Adams County,PA,Northeast,7,8.69,20.0,28.69
49031,Piute County,UT,Mountain,1,8.71,52.49,61.2
27147,Steele County,MN,Midwest,8,8.73,14.58,23.31
53033,King County,WA,Pacific Northwest,117,8.75,17.03,25.79
19197,Wright County,IA,Midwest,4,8.76,38.17,46.94
30037,Golden Valley County,MT,Mountain,2,8.78,35.74,44.52
30005,Blaine County,MT,Mountain,4,8.78,48.97,57.75
48397,Rockwall County,TX,South,4,8.8,18.4,27.2
13227,Pickens County,GA,South,1,8.8,47.78,56.58
34041,Warren County,NJ,Northeast,7,8.81,7.14,15.95
19067,Floyd County,IA,Midwest,2,8.84,15.05,23.89
55073,Marathon County,WI,Midwest,11,8.85,9.77,18.62
01003,Baldwin County,AL,South,13,8.89,40.32,49.2
19097,Jackson County,IA,Midwest,3,8.92,18.22,27.14
29051,Cole County,MO,Midwest,9,8.93,37.61,46.53
42109,Snyder County,PA,Northeast,2,8.99,26.26,35.25
42051,Fayette County,PA,Northeast,8,9.0,37.0,46.0
09170,South Central Connecticut Planning Region,CT,Northeast,30,9.02,36.81,45.83
46073,Jerauld County,SD,Midwest,2,9.05,35.74,44.79
18001,Adams County,IN,Midwest,3,9.05,61.98,71.03
17077,Jackson County,IL,Midwest,7,9.12,42.43,51.55
17189,Washington County,IL,Midwest,2,9.13,15.05,24.18
47089,Jefferson County,TN,South,2,9.13,47.81,56.94
05083,Logan County,AR,South,5,9.14,56.3,65.44
30041,Hill County,MT,Mountain,4,9.14,53.63,62.77
17047,Edwards County,IL,Midwest,1,9.15,28.3,37.46
18073,Jasper County,IN,Midwest,2,9.16,52.49,61.64
38067,Pembina County,ND,Midwest,4,9.16,34.47,43.63
42073,Lawrence County,PA,Northeast,9,9.17,42.96,52.13
26087,Lapeer County,MI,Midwest,8,9.18,17.02,26.2
28115,Pontotoc County,MS,South,5,9.21,63.26,72.47
19123,Mahaska County,IA,Midwest,2,9.21,15.05,24.26
37071,Gaston County,NC,South,13,9.21,61.87,71.09
17183,Vermilion County,IL,Midwest,15,9.22,77.4,86.62
18047,Franklin County,IN,Midwest,2,9.23,35.74,44.96
39063,Hancock County,OH,Midwest,14,9.24,34.45,43.69
42099,Perry County,PA,Northeast,5,9.25,31.5,40.75
26155,Shiawassee County,MI,Midwest,10,9.25,13.7,22.96
34003,Bergen County,NJ,Northeast,50,9.28,9.91,19.19
17001,Adams County,IL,Midwest,9,9.29,27.92,37.21
19079,Hamilton County,IA,Midwest,2,9.34,13.69,23.03
20201,Washington County,KS,Midwest,3,9.42,22.3,31.73
37061,Duplin County,NC,South,5,9.44,70.15,79.59
39087,Lawrence County,OH,Midwest,9,9.48,31.08,40.56
19169,Story County,IA,Midwest,7,9.5,12.27,21.78
37183,Wake County,NC,South,39,9.53,24.61,34.14
01123,Tallapoosa County,AL,South,4,9.54,82.03,91.57
42039,Crawford County,PA,Northeast,8,9.56,25.19,34.74
25009,Essex County,MA,Northeast,39,9.57,25.08,34.65
18167,Vigo County,IN,Midwest,4,9.57,73.57,83.15
42007,Beaver County,PA,Northeast,16,9.59,16.67,26.26
46085,Lyman County,SD,Midwest,1,9.6,47.78,57.38
45047,Greenwood County,SC,South,5,9.62,64.92,74.55
51153,Prince William County,VA,South,13,9.62,23.43,33.05
20035,Cowley County,KS,Midwest,5,9.66,34.25,43.91
17195,Whiteside County,IL,Midwest,10,9.67,21.13,30.8
19007,Appanoose County,IA,Midwest,3,9.68,47.41,57.09
55025,Dane County,WI,Midwest,34,9.71,3.59,13.3
48073,Cherokee County,TX,South,5,9.71,72.97,82.68
12007,Bradford County,FL,South,2,9.72,82.09,91.81
39091,Logan County,OH,Midwest,5,9.72,19.53,29.25
12095,Orange County,FL,South,55,9.72,51.06,60.78
32009,Esmeralda County,NV,Mountain,1,9.77,69.81,79.58
30081,Ravalli County,MT,Mountain,6,9.77,26.17,35.94
40017,Canadian County,OK,South,6,9.79,31.75,41.54
29186,Ste. Genevieve County,MO,Midwest,1,9.81,28.3,38.11
39035,Cuyahoga County,OH,Midwest,65,9.83,72.41,82.24
18095,Madison County,IN,Midwest,10,9.88,48.86,58.74
27059,Isanti County,MN,Midwest,7,9.89,22.55,32.44
27163,Washington County,MN,Midwest,31,9.9,0.98,10.88
17151,Pope County,IL,Midwest,1,9.9,61.52,71.42
05117,Prairie County,AR,South,2,9.91,52.46,62.36
30031,Gallatin County,MT,Mountain,8,9.92,8.48,18.4
24037,St. Mary's County,MD,South,3,9.92,15.22,25.14
39137,Putnam County,OH,Midwest,9,9.94,6.24,16.18
20069,Gray County,KS,Midwest,4,9.94,31.83,41.77
17093,Kendall County,IL,Midwest,9,9.95,18.82,28.77
17049,Effingham County,IL,Midwest,6,9.99,29.31,39.3
27045,Fillmore County,MN,Midwest,6,10.0,12.46,22.46
13057,Cherokee County,GA,South,6,10.01,14.56,24.57
42087,Mifflin County,PA,Northeast,2,10.03,47.81,57.83
26021,Berrien County,MI,Midwest,22,10.04,44.82,54.86
38077,Richland County,ND,Midwest,6,10.04,15.13,25.17
41067,Washington County,OR,Pacific Northwest,21,10.06,7.78,17.84
36061,New York County,NY,Northeast,129,10.09,26.75,36.84
21037,Campbell County,KY,South,8,10.1,27.34,37.44
26147,St. Clair County,MI,Midwest,19,10.1,21.68,31.78
19099,Jasper County,IA,Midwest,6,10.16,18.63,28.78
13247,Rockdale County,GA,South,3,10.16,80.91,91.07
28161,Yalobusha County,MS,South,2,10.17,57.0,67.17
24005,Baltimore County,MD,South,32,10.17,51.14,61.31
26139,Ottawa County,MI,Midwest,22,10.18,8.29,18.46
37001,Alamance County,NC,South,9,10.27,66.23,76.5
17097,Lake County,IL,Midwest,30,10.28,15.95,26.23
40137,Stephens County,OK,South,7,10.34,69.65,79.98
19023,Butler County,IA,Midwest,3,10.34,19.36,29.7
37193,Wilkes County,NC,South,5,10.36,61.51,71.88
39119,Muskingum County,OH,Midwest,9,10.36,41.46,51.82
47117,Marshall County,TN,South,3,10.44,58.51,68.95
39167,Washington County,OH,Midwest,8,10.44,34.66,45.1
37067,Forsyth County,NC,South,18,10.49,72.96,83.45
18163,Vanderburgh County,IN,Midwest,8,10.51,77.36,87.86
51033,Caroline County,VA,South,1,10.56,33.22,43.78
17051,Fayette County,IL,Midwest,7,10.58,36.07,46.64
48343,Morris County,TX,South,2,10.58,59.32,69.9
25027,Worcester County,MA,Northeast,58,10.63,14.56,25.18
31047,Dawson County,NE,Midwest,5,10.67,36.11,46.78
53057,Skagit County,WA,Pacific Northwest,17,10.68,16.65,27.32
28145,Union County,MS,South,2,10.68,65.89,76.57
28095,Monroe County,MS,South,5,10.7,73.76,84.46
30075,Powder River County,MT,Mountain,1,10.72,33.22,43.94
17055,Franklin County,IL,Midwest,7,10.72,32.54,43.25
29127,Marion County,MO,Midwest,4,10.73,34.51,45.24
01045,Dale County,AL,South,7,10.74,58.03,68.77
20079,Harvey County,KS,Midwest,6,10.74,44.68,55.42
20135,Ness County,KS,Midwest,2,10.74,35.74,46.48
51610,Falls Church city,VA,South,1,10.77,8.07,18.84
55015,Calumet County,WI,Midwest,5,10.77,4.27,15.04
31035,Clay County,NE,Midwest,3,10.77,26.88,37.65
42095,Northampton County,PA,Northeast,13,10.82,20.79,31.61
19125,Marion County,IA,Midwest,5,10.83,8.42,19.25
29145,Newton County,MO,Midwest,5,10.83,41.92,52.75
08063,Kit Carson County,CO,Mountain,2,10.84,45.45,56.29
26023,Branch County,MI,Midwest,6,10.85,50.11,60.96
29027,Callaway County,MO,Midwest,9,10.88,40.32,51.2
27099,Mower County,MN,Midwest,11,10.88,27.81,38.69
19107,Keokuk County,IA,Midwest,3,10.92,22.24,33.17
13221,Oglethorpe County,GA,South,1,10.95,52.49,63.44
19193,Woodbury County,IA,Midwest,8,10.95,42.87,53.82
55087,Outagamie County,WI,Midwest,17,10.97,14.72,25.69
19029,Cass County,IA,Midwest,4,10.97,12.37,23.34
46117,Stanley County,SD,Midwest,1,10.98,15.05,26.03
06081,San Mateo County,CA,California,37,11.01,17.87,28.87
20099,Labette County,KS,Midwest,5,11.01,32.29,43.29
31101,Keith County,NE,Midwest,2,11.04,33.22,44.26
51049,Cumberland County,VA,South,1,11.08,65.89,76.97
17045,Edgar County,IL,Midwest,7,11.08,25.71,36.79
41049,Morrow County,OR,Pacific Northwest,3,11.1,44.68,55.78
12075,Levy County,FL,South,4,11.15,65.52,76.67
17065,Hamilton County,IL,Midwest,1,11.19,28.3,39.49
26057,Gratiot County,MI,Midwest,8,11.2,27.93,39.13
48041,Brazos County,TX,South,10,11.21,51.35,62.56
29510,St. Louis city,MO,Midwest,24,11.22,77.93,89.15
42133,York County,PA,Northeast,18,11.27,34.61,45.88
20081,Haskell County,KS,Midwest,2,11.35,56.84,68.19
46007,Bennett County,SD,Midwest,1,11.38,76.33,87.71
48071,Chambers County,TX,South,4,11.43,55.23,66.66
26037,Clinton County,MI,Midwest,8,11.47,10.45,21.93
27047,Freeborn County,MN,Midwest,6,11.5,20.04,31.54
37073,Gates County,NC,South,1,11.53,38.26,49.78
39157,Tuscarawas County,OH,Midwest,10,11.53,25.71,37.24
17017,Cass County,IL,Midwest,3,11.54,43.0,54.54
27013,Blue Earth County,MN,Midwest,12,11.54,8.88,20.42
25013,Hampden County,MA,Northeast,34,11.55,59.01,70.56
05087,Madison County,AR,South,3,11.59,44.61,56.2
45081,Saluda County,SC,South,1,11.6,61.52,73.12
20203,Wichita County,KS,Midwest,1,11.6,38.26,49.86
17107,Logan County,IL,Midwest,4,11.61,15.18,26.79
42079,Luzerne County,PA,Northeast,15,11.66,41.53,53.19
13065,Clinch County,GA,South,1,11.67,76.33,88.0
16051,Jefferson County,ID,Mountain,3,11.74,50.9,62.64
37097,Iredell County,NC,South,11,11.81,46.51,58.31
42041,Cumberland County,PA,Northeast,9,11.83,9.57,21.4
08109,Saguache County,CO,Mountain,3,11.89,50.9,62.78
39049,Franklin County,OH,Midwest,72,11.9,57.34,69.24
28081,Lee County,MS,South,7,11.9,77.98,89.89
32007,Elko County,NV,Mountain,8,11.92,55.75,67.67
53015,Cowlitz County,WA,Pacific Northwest,14,11.94,26.74,38.68
17101,Lawrence County,IL,Midwest,2,11.95,28.3,40.26
19117,Lucas County,IA,Midwest,1,11.97,23.72,35.69
40041,Delaware County,OK,South,5,12.0,70.57,82.57
20127,Morris County,KS,Midwest,2,12.05,26.01,38.06
46035,Davison County,SD,Midwest,4,12.05,27.51,39.56
20103,Leavenworth County,KS,Midwest,5,12.11,22.05,34.16
54011,Cabell County,WV,South,2,12.14,81.97,94.11
20005,Atchison County,KS,Midwest,2,12.16,28.3,40.47
27025,Chisago County,MN,Midwest,11,12.17,10.09,22.26
40027,Cleveland County,OK,South,9,12.2,35.96,48.16
06069,San Benito County,CA,California,4,12.2,44.94,57.15
29221,Washington County,MO,Midwest,3,12.21,53.92,66.14
01077,Lauderdale County,AL,South,9,12.22,48.29,60.51
46031,Corson County,SD,Midwest,3,12.24,62.73,74.96
17027,Clinton County,IL,Midwest,3,12.27,12.55,24.82
36055,Monroe County,NY,Northeast,36,12.28,37.0,49.28
31037,Colfax County,NE,Midwest,4,12.33,27.52,39.85
31161,Sheridan County,NE,Midwest,2,12.38,50.13,62.52
17199,Williamson County,IL,Midwest,7,12.39,35.37,47.76
38017,Cass County,ND,Midwest,13,12.41,12.77,25.18
55139,Winnebago County,WI,Midwest,10,12.43,25.57,38.0
48157,Fort Bend County,TX,South,32,12.46,37.97,50.43
19087,Henry County,IA,Midwest,5,12.5,27.58,40.08
27043,Faribault County,MN,Midwest,2,12.55,17.18,29.73
13223,Paulding County,GA,South,5,12.62,37.28,49.9
26065,Ingham County,MI,Midwest,24,12.66,31.49,44.15
39101,Marion County,OH,Midwest,7,12.7,40.28,52.99
20117,Marshall County,KS,Midwest,4,12.77,27.24,40.01
55141,Wood County,WI,Midwest,8,12.78,18.08,30.87
24015,Cecil County,MD,South,5,12.8,28.46,41.26
19001,Adair County,IA,Midwest,2,12.82,33.28,46.1
31011,Boone County,NE,Midwest,3,12.85,33.26,46.11
29173,Ralls County,MO,Midwest,1,12.87,38.26,51.12
55043,Grant County,WI,Midwest,12,12.89,20.44,33.33
51013,Arlington County,VA,South,4,12.89,3.0,15.89
05143,Washington County,AR,South,14,12.92,56.34,69.26
20045,Douglas County,KS,Midwest,5,13.0,5.85,18.85
47035,Cumberland County,TN,South,3,13.03,49.35,62.38
25005,Bristol County,MA,Northeast,28,13.04,29.58,42.62
42077,Lehigh County,PA,Northeast,12,13.05,46.07,59.11
08059,Jefferson County,CO,Mountain,34,13.06,9.85,22.9
27127,Redwood County,MN,Midwest,6,13.06,26.09,39.15
48107,Crosby County,TX,South,2,13.08,80.73,93.81
18091,LaPorte County,IN,Midwest,7,13.14,60.03,73.18
39093,Lorain County,OH,Midwest,19,13.15,45.67,58.82
37123,Montgomery County,NC,South,3,13.21,82.09,95.3
24027,Howard County,MD,South,13,13.23,5.79,19.02
39043,Erie County,OH,Midwest,9,13.24,25.68,38.92
46101,Moody County,SD,Midwest,3,13.24,17.94,31.18
13295,Walker County,GA,South,3,13.26,48.72,61.98
29013,Bates County,MO,Midwest,7,13.27,48.55,61.82
08001,Adams County,CO,Mountain,31,13.31,38.03,51.33
31055,Douglas County,NE,Midwest,38,13.32,42.23,55.56
32015,Lander County,NV,Mountain,1,13.33,61.52,74.85
01115,St. Clair County,AL,South,6,13.36,35.02,48.38
46011,Brookings County,SD,Midwest,4,13.41,10.49,23.9
48351,Newton County,TX,South,2,13.41,59.32,72.73
39011,Auglaize County,OH,Midwest,7,13.44,10.81,24.25
18161,Union County,IN,Midwest,1,13.47,61.52,74.99
37087,Haywood County,NC,South,4,13.47,44.24,57.71
08115,Sedgwick County,CO,Mountain,2,13.53,33.28,46.81
36015,Chemung County,NY,Northeast,4,13.53,40.67,54.21
19155,Pottawattamie County,IA,Midwest,8,13.57,33.64,47.21
30065,Musselshell County,MT,Mountain,2,13.57,45.45,59.03
46135,Yankton County,SD,Midwest,2,13.59,17.18,30.77
26055,Grand Traverse County,MI,Midwest,8,13.6,10.56,24.16
51600,Fairfax city,VA,South,1,13.61,5.32,18.93
31019,Buffalo County,NE,Midwest,9,13.62,26.41,40.03
36073,Orleans County,NY,Northeast,5,13.63,24.02,37.65
27137,St. Louis County,MN,Midwest,36,13.66,19.31,32.97
21171,Monroe County,KY,South,2,13.66,54.81,68.47
20015,Butler County,KS,Midwest,10,13.69,20.47,34.15
46041,Dewey County,SD,Midwest,3,13.72,56.95,70.68
39023,Clark County,OH,Midwest,12,13.74,63.75,77.48
48437,Swisher County,TX,South,3,13.74,69.02,82.76
26027,Cass County,MI,Midwest,8,13.77,41.21,54.97
26045,Eaton County,MI,Midwest,12,13.77,20.02,33.79
56001,Albany County,WY,Mountain,3,13.79,20.46,34.25
17203,Woodford County,IL,Midwest,9,13.8,17.01,30.81
29007,Audrain County,MO,Midwest,8,13.81,46.62,60.43
09120,Greater Bridgeport Planning Region,CT,Northeast,18,13.85,57.51,71.36
26073,Isabella County,MI,Midwest,8,13.88,32.0,45.88
51183,Sussex County,VA,South,1,13.97,65.89,79.86
17007,Boone County,IL,Midwest,4,13.98,26.46,40.44
16057,Latah County,ID,Mountain,5,13.98,24.63,38.62
46033,Custer County,SD,Midwest,2,14.09,38.26,52.34
31063,Frontier County,NE,Midwest,3,14.1,39.75,53.85
48433,Stonewall County,TX,South,1,14.14,84.56,98.7
17157,Randolph County,IL,Midwest,7,14.15,15.95,30.1
17023,Clark County,IL,Midwest,3,14.15,17.88,32.04
17043,DuPage County,IL,Midwest,28,14.2,8.06,22.26
19153,Polk County,IA,Midwest,16,14.2,37.82,52.02
17075,Iroquois County,IL,Midwest,6,14.27,20.23,34.5
37069,Franklin County,NC,South,4,14.27,48.91,63.19
05125,Saline County,AR,South,6,14.29,26.24,40.53
42055,Franklin County,PA,Northeast,9,14.35,22.41,36.76
41071,Yamhill County,OR,Pacific Northwest,7,14.41,15.9,30.3
29197,Schuyler County,MO,Midwest,1,14.41,65.89,80.3
31025,Cass County,NE,Midwest,5,14.45,19.89,34.34
12129,Wakulla County,FL,South,2,14.48,63.7,78.18
13183,Long County,GA,South,1,14.49,43.13,57.61
12019,Clay County,FL,South,11,14.53,39.06,53.59
17113,McLean County,IL,Midwest,17,14.53,30.84,45.37
41047,Marion County,OR,Pacific Northwest,21,14.55,30.44,44.99
18063,Hendricks County,IN,Midwest,6,14.56,19.48,34.04
20111,Lyon County,KS,Midwest,4,14.59,30.87,45.46
42075,Lebanon County,PA,Northeast,7,14.61,25.93,40.54
24021,Frederick County,MD,South,11,14.62,18.57,33.18
27037,Dakota County,MN,Midwest,50,14.63,2.82,17.45
34017,Hudson County,NJ,Northeast,25,14.7,46.55,61.25
29131,Miller County,MO,Midwest,6,14.7,50.46,65.16
39081,Jefferson County,OH,Midwest,6,14.74,43.45,58.19
16035,Clearwater County,ID,Mountain,4,14.74,55.53,70.27
37195,Wilson County,NC,South,5,14.85,75.67,90.52
39003,Allen County,OH,Midwest,11,14.85,63.41,78.27
19091,Humboldt County,IA,Midwest,1,14.89,23.72,38.61
19015,Boone County,IA,Midwest,4,14.96,9.0,23.96
19031,Cedar County,IA,Midwest,4,14.96,11.45,26.41
19145,Page County,IA,Midwest,4,14.96,16.24,31.2
42011,Berks County,PA,Northeast,21,14.97,32.42,47.39
10005,Sussex County,DE,South,9,14.97,33.26,48.23
39113,Montgomery County,OH,Midwest,36,14.99,67.83,82.82
19013,Black Hawk County,IA,Midwest,7,15.03,40.79,55.82
24039,Somerset County,MD,South,2,15.05,79.21,94.26
24011,Caroline County,MD,South,2,15.06,35.74,50.8
05085,Lonoke County,AR,South,5,15.07,46.9,61.96
17053,Ford County,IL,Midwest,3,15.1,20.83,35.93
27145,Stearns County,MN,Midwest,22,15.12,9.81,24.93
17175,Stark County,IL,Midwest,1,15.12,52.49,67.61
19039,Clarke County,IA,Midwest,2,15.14,33.42,48.56
36005,Bronx County,NY,Northeast,140,15.14,80.15,95.29
21033,Caldwell County,KY,South,2,15.23,47.78,63.01
19183,Washington County,IA,Midwest,3,15.28,44.43,59.72
05033,Crawford County,AR,South,5,15.3,53.28,68.58
48257,Kaufman County,TX,South,12,15.35,58.62,73.97
48085,Collin County,TX,South,42,15.42,17.31,32.73
27007,Beltrami County,MN,Midwest,13,15.44,63.84,79.27
48439,Tarrant County,TX,South,109,15.52,55.69,71.21
55009,Brown County,WI,Midwest,16,15.53,25.1,40.64
24035,Queen Anne's County,MD,South,2,15.57,21.51,37.08
48231,Hunt County,TX,South,13,15.59,55.54,71.13
19137,Montgomery County,IA,Midwest,2,15.59,15.3,30.89
17137,Morgan County,IL,Midwest,7,15.63,39.55,55.18
26091,Lenawee County,MI,Midwest,17,15.64,16.69,32.33
17071,Henderson County,IL,Midwest,1,15.67,15.05,30.72
49035,Salt Lake County,UT,Mountain,55,15.67,29.08,44.75
05007,Benton County,AR,South,14,15.68,29.95,45.62
17117,Macoupin County,IL,Midwest,10,15.68,35.27,50.95
48139,Ellis County,TX,South,13,15.72,50.22,65.94
18085,Kosciusko County,IN,Midwest,3,15.79,61.36,77.15
20121,Miami County,KS,Midwest,6,15.8,17.57,33.36
46099,Minnehaha County,SD,Midwest,21,15.81,29.12,44.93
54099,Wayne County,WV,South,3,15.83,71.79,87.62
48357,Ochiltree County,TX,South,2,15.85,79.21,95.06
17197,Will County,IL,Midwest,26,15.89,27.32,43.2
20003,Anderson County,KS,Midwest,2,15.92,28.47,44.39
20075,Hamilton County,KS,Midwest,1,15.92,52.49,68.41
19115,Louisa County,IA,Midwest,3,16.0,29.94,45.94
17073,Henry County,IL,Midwest,9,16.02,35.94,51.96
18127,Porter County,IN,Midwest,11,16.1,23.21,39.31
25025,Suffolk County,MA,Northeast,44,16.16,56.31,72.47
08039,Elbert County,CO,Mountain,5,16.24,8.42,24.66
06075,San Francisco County,CA,California,26,16.25,26.0,42.25
29009,Barry County,MO,Midwest,5,16.34,46.86,63.2
26121,Muskegon County,MI,Midwest,23,16.43,63.92,80.35
53021,Franklin County,WA,Pacific Northwest,8,16.48,53.05,69.52
16053,Jerome County,ID,Mountain,3,16.49,61.51,78.0
08031,Denver County,CO,Mountain,51,16.54,42.2,58.74
17129,Menard County,IL,Midwest,3,16.58,26.28,42.86
42071,Lancaster County,PA,Northeast,21,16.6,22.77,39.37
53041,Lewis County,WA,Pacific Northwest,19,16.68,21.68,38.36
17111,McHenry County,IL,Midwest,16,16.7,4.73,21.43
17089,Kane County,IL,Midwest,36,16.74,19.62,36.37
08097,Pitkin County,CO,Mountain,2,16.77,30.76,47.53
16081,Teton County,ID,Mountain,2,16.9,33.77,50.67
46047,Fall River County,SD,Midwest,3,16.97,60.78,77.76
51510,Alexandria city,VA,South,1,17.01,15.05,32.06
48143,Erath County,TX,South,3,17.14,50.4,67.54
20057,Ford County,KS,Midwest,3,17.17,34.85,52.02
53017,Douglas County,WA,Pacific Northwest,4,17.23,46.14,63.37
19111,Lee County,IA,Midwest,3,17.26,35.18,52.45
29071,Franklin County,MO,Midwest,7,17.37,18.46,35.83
53025,Grant County,WA,Pacific Northwest,17,17.44,44.06,61.5
13157,Jackson County,GA,South,4,17.51,30.95,48.46
26005,Allegan County,MI,Midwest,16,17.53,15.5,33.04
17187,Warren County,IL,Midwest,4,17.59,22.61,40.2
31081,Hamilton County,NE,Midwest,3,17.62,17.88,35.5
48173,Glasscock County,TX,South,1,17.71,28.3,46.01
20131,Nemaha County,KS,Midwest,4,17.72,19.3,37.02
39155,Trumbull County,OH,Midwest,23,17.75,64.45,82.2
39125,Paulding County,OH,Midwest,3,17.76,20.77,38.53
37101,Johnston County,NC,South,11,17.82,33.48,51.29
39139,Richland County,OH,Midwest,13,17.83,34.42,52.26
31043,Dakota County,NE,Midwest,2,17.87,47.81,65.68
40097,Mayes County,OK,South,5,17.88,66.8,84.69
56037,Sweetwater County,WY,Mountain,5,17.91,49.88,67.79
17105,Livingston County,IL,Midwest,7,17.94,29.82,47.76
49055,Wayne County,UT,Mountain,1,17.98,52.49,70.46
46127,Union County,SD,Midwest,4,18.0,20.04,38.04
37059,Davie County,NC,South,2,18.06,33.22,51.28
28023,Clarke County,MS,South,3,18.08,66.85,84.93
13173,Lanier County,GA,South,1,18.08,57.13,75.21
31109,Lancaster County,NE,Midwest,24,18.19,16.93,35.12
19089,Howard County,IA,Midwest,2,18.23,30.76,49.0
17025,Clay County,IL,Midwest,3,18.28,31.58,49.86
48121,Denton County,TX,South,36,18.3,19.24,37.54
01001,Autauga County,AL,South,4,18.31,40.64,58.95
26161,Washtenaw County,MI,Midwest,26,18.44,11.08,29.52
46005,Beadle County,SD,Midwest,4,18.49,46.59,65.08
17161,Rock Island County,IL,Midwest,9,18.6,48.78,67.38
36085,Richmond County,NY,Northeast,15,18.61,28.9,47.51
45063,Lexington County,SC,South,16,18.62,42.24,60.86
49003,Box Elder County,UT,Mountain,3,18.68,10.24,28.92
51041,Chesterfield County,VA,South,11,18.69,40.98,59.66
13011,Banks County,GA,South,1,18.69,76.33,95.02
53001,Adams County,WA,Pacific Northwest,5,18.71,63.87,82.58
51520,Bristol city,VA,South,1,18.73,19.3,38.03
16083,Twin Falls County,ID,Mountain,8,18.75,31.44,50.19
56025,Natrona County,WY,Mountain,3,18.76,52.49,71.24
32019,Lyon County,NV,Mountain,5,18.77,40.16,58.94
56045,Weston County,WY,Mountain,2,18.87,31.21,50.08
19149,Plymouth County,IA,Midwest,5,18.9,13.0,31.9
48055,Caldwell County,TX,South,5,19.02,68.75,87.77
48361,Orange County,TX,South,5,19.02,68.75,87.77
17041,Douglas County,IL,Midwest,4,19.19,34.76,53.95
48325,Medina County,TX,South,7,19.28,54.44,73.72
13151,Henry County,GA,South,11,19.33,61.38,80.71
48491,Williamson County,TX,South,33,19.35,13.88,33.23
27003,Anoka County,MN,Midwest,47,19.37,6.8,26.17
21137,Lincoln County,KY,South,2,19.39,43.13,62.51
29105,Laclede County,MO,Midwest,4,19.45,52.49,71.94
32510,Carson City,NV,Mountain,1,19.45,33.22,52.68
48195,Hansford County,TX,South,2,19.46,45.45,64.91
29225,Webster County,MO,Midwest,5,19.47,38.23,57.7
38075,Renville County,ND,Midwest,2,19.56,35.74,55.3
48149,Fayette County,TX,South,4,19.57,54.73,74.3
48455,Trinity County,TX,South,3,19.62,53.93,73.55
28059,Jackson County,MS,South,11,19.62,45.44,65.06
12001,Alachua County,FL,South,18,19.66,54.4,74.05
51059,Fairfax County,VA,South,27,19.69,7.53,27.22
26077,Kalamazoo County,MI,Midwest,29,19.7,38.25,57.94
17179,Tazewell County,IL,Midwest,8,19.7,11.42,31.12
30103,Treasure County,MT,Mountain,1,19.7,38.26,57.96
48473,Waller County,TX,South,2,19.75,63.7,83.46
51570,Colonial Heights city,VA,South,1,19.82,69.81,89.63
31093,Howard County,NE,Midwest,3,19.86,26.77,46.63
56017,Hot Springs County,WY,Mountain,1,19.95,43.13,63.08
21015,Boone County,KY,South,9,19.96,27.05,47.01
20195,Trego County,KS,Midwest,1,19.97,28.3,48.27
08005,Arapahoe County,CO,Mountain,27,19.99,27.97,47.96
37179,Union County,NC,South,13,20.0,20.08,40.08
26149,St. Joseph County,MI,Midwest,10,20.09,27.63,47.72
32011,Eureka County,NV,Mountain,1,20.13,61.52,81.65
16011,Bingham County,ID,Mountain,10,20.13,40.05,60.18
37023,Burke County,NC,South,6,20.14,40.62,60.76
56033,Sheridan County,WY,Mountain,6,20.14,28.78,48.92
19103,Johnson County,IA,Midwest,7,20.27,9.36,29.63
24045,Wicomico County,MD,South,5,20.38,53.42,73.8
37167,Stanly County,NC,South,8,20.43,47.8,68.23
18105,Monroe County,IN,Midwest,7,20.48,24.41,44.89
20119,Meade County,KS,Midwest,2,20.49,43.13,63.62
16047,Gooding County,ID,Mountain,3,20.51,39.78,60.29
31119,Madison County,NE,Midwest,7,20.51,31.2,51.71
36047,Kings County,NY,Northeast,147,20.57,42.98,63.55
20109,Logan County,KS,Midwest,2,20.62,35.72,56.33
21117,Kenton County,KY,South,12,20.66,61.74,82.39
38053,McKenzie County,ND,Midwest,4,20.66,67.41,88.07
31181,Webster County,NE,Midwest,2,20.71,26.01,46.72
31173,Thurston County,NE,Midwest,5,20.74,43.97,64.71
55063,La Crosse County,WI,Midwest,7,20.79,9.14,29.93
29167,Polk County,MO,Midwest,6,20.82,41.36,62.18
39037,Darke County,OH,Midwest,8,20.87,8.38,29.24
44007,Providence County,RI,Northeast,43,20.93,39.82,60.75
39135,Preble County,OH,Midwest,5,21.12,39.01,60.13
39133,Portage County,OH,Midwest,12,21.14,12.99,34.14
39159,Union County,OH,Midwest,5,21.15,6.26,27.41
39169,Wayne County,OH,Midwest,15,21.15,18.26,39.41
21183,Ohio County,KY,South,4,21.16,38.26,59.42
08117,Summit County,CO,Mountain,2,21.18,52.46,73.63
39061,Hamilton County,OH,Midwest,42,21.22,57.12,78.34
21209,Scott County,KY,South,5,21.24,21.52,42.75
55101,Racine County,WI,Midwest,11,21.24,44.84,66.09
31153,Sarpy County,NE,Midwest,8,21.25,7.1,28.36
17063,Grundy County,IL,Midwest,8,21.33,25.84,47.18
18173,Warrick County,IN,Midwest,3,21.48,15.61,37.09
26115,Monroe County,MI,Midwest,16,21.5,16.78,38.28
24043,Washington County,MD,South,10,21.51,46.37,67.88
20161,Riley County,KS,Midwest,3,21.56,16.47,38.03
29099,Jefferson County,MO,Midwest,14,21.58,17.94,39.52
51095,James City County,VA,South,3,21.59,8.57,30.15
17131,Mercer County,IL,Midwest,1,21.61,23.72,45.32
39141,Ross County,OH,Midwest,7,21.66,51.6,73.27
01033,Colbert County,AL,South,8,21.73,56.39,78.12
39151,Stark County,OH,Midwest,22,21.74,42.66,64.4
37027,Caldwell County,NC,South,6,21.78,51.65,73.43
20059,Franklin County,KS,Midwest,5,21.8,21.64,43.44
17037,DeKalb County,IL,Midwest,11,21.82,13.44,35.26
39017,Butler County,OH,Midwest,20,22.0,41.91,63.91
05063,Independence County,AR,South,5,22.02,46.86,68.88
51145,Powhatan County,VA,South,1,22.07,8.07,30.15
29175,Randolph County,MO,Midwest,5,22.13,42.03,64.16
08125,Yuma County,CO,Mountain,3,22.22,41.38,63.6
21103,Henry County,KY,South,2,22.28,38.17,60.45
46019,Butte County,SD,Midwest,3,22.29,27.2,49.49
28071,Lafayette County,MS,South,3,22.36,54.03,76.4
16027,Canyon County,ID,Mountain,20,22.4,40.54,62.94
37013,Beaufort County,NC,South,5,22.41,65.71,88.12
46137,Ziebach County,SD,Midwest,1,22.45,61.52,83.97
13013,Barrow County,GA,South,3,22.45,41.5,63.96
39025,Clermont County,OH,Midwest,12,22.51,14.26,36.78
37109,Lincoln County,NC,South,5,22.52,20.04,42.56
47021,Cheatham County,TN,South,4,22.54,47.4,69.94
39129,Pickaway County,OH,Midwest,5,22.55,29.45,52.0
16019,Bonneville County,ID,Mountain,14,22.58,50.81,73.39
17191,Wayne County,IL,Midwest,3,22.63,41.38,64.01
39143,Sandusky County,OH,Midwest,7,22.83,19.37,42.21
13073,Columbia County,GA,South,5,22.84,34.23,57.07
48259,Kendall County,TX,South,3,22.95,33.35,56.3
51161,Roanoke County,VA,South,5,23.17,51.53,74.7
56005,Campbell County,WY,Mountain,5,23.19,24.7,47.9
08027,Custer County,CO,Mountain,1,23.24,57.13,80.37
53071,Walla Walla County,WA,Pacific Northwest,10,23.32,23.33,46.65
12125,Union County,FL,South,2,23.38,54.81,78.19
17019,Champaign County,IL,Midwest,15,23.44,31.17,54.61
24031,Montgomery County,MD,South,27,23.51,14.68,38.19
54037,Jefferson County,WV,South,2,23.69,23.8,47.49
31117,McPherson County,NE,Midwest,1,23.69,28.3,52.0
13109,Evans County,GA,South,2,23.75,54.51,78.25
39075,Holmes County,OH,Midwest,4,23.75,65.65,89.4
36081,Queens County,NY,Northeast,90,23.76,45.27,69.02
28141,Tishomingo County,MS,South,3,23.8,58.51,82.3
26081,Kent County,MI,Midwest,61,23.91,32.64,56.55
37135,Orange County,NC,South,8,24.03,16.95,40.98
51540,Charlottesville city,VA,South,2,24.13,38.26,62.39
39019,Carroll County,OH,Midwest,3,24.14,33.27,57.4
39153,Summit County,OH,Midwest,34,24.14,44.55,68.7
13231,Pike County,GA,South,2,24.17,17.51,41.67
39089,Licking County,OH,Midwest,16,24.21,19.67,43.88
39045,Fairfield County,OH,Midwest,11,24.23,12.8,37.03
39027,Clinton County,OH,Midwest,5,24.27,21.95,46.22
19179,Wapello County,IA,Midwest,4,24.31,41.76,66.07
10001,Kent County,DE,South,10,24.32,42.6,66.92
37151,Randolph County,NC,South,9,24.39,51.75,76.14
20093,Kearny County,KS,Midwest,2,24.41,49.89,74.3
40129,Roger Mills County,OK,South,3,24.42,44.62,69.05
37057,Davidson County,NC,South,12,24.52,49.24,73.75
39021,Champaign County,OH,Midwest,5,24.53,13.96,38.49
51087,Henrico County,VA,South,10,24.53,52.21,76.74
08037,Eagle County,CO,Mountain,6,24.54,36.57,61.1
49005,Cache County,UT,Mountain,8,24.58,28.6,53.18
13113,Fayette County,GA,South,5,24.61,37.0,61.62
48253,Jones County,TX,South,5,24.69,53.27,77.97
30025,Fallon County,MT,Mountain,2,24.83,35.74,60.57
27053,Hennepin County,MN,Midwest,165,24.89,15.48,40.36
49041,Sevier County,UT,Mountain,5,24.98,28.66,53.64
17119,Madison County,IL,Midwest,15,25.01,24.54,49.55
40073,Kingfisher County,OK,South,6,25.16,50.78,75.94
31141,Platte County,NE,Midwest,3,25.4,25.41,50.81
48471,Walker County,TX,South,5,25.41,55.68,81.09
39173,Wood County,OH,Midwest,13,25.41,10.75,36.16
29059,Dallas County,MO,Midwest,2,25.48,67.85,93.33
28137,Tate County,MS,South,5,25.52,66.47,91.99
20071,Greeley County,KS,Midwest,1,25.66,57.13,82.79
19139,Muscatine County,IA,Midwest,3,25.72,20.83,46.54
21079,Garrard County,KY,South,2,25.78,38.17,63.95
20065,Graham County,KS,Midwest,1,25.81,28.3,54.12
37141,Pender County,NC,South,4,25.94,35.63,61.57
19051,Davis County,IA,Midwest,1,25.95,52.49,78.44
51683,Manassas city,VA,South,1,25.97,28.3,54.28
16077,Power County,ID,Mountain,2,25.98,59.32,85.3
54003,Berkeley County,WV,South,4,26.09,34.74,60.83
10003,New Castle County,DE,South,22,26.31,58.53,84.84
02185,North Slope Borough,AK,Pacific Northwest,2,26.33,47.78,74.11
39095,Lucas County,OH,Midwest,23,26.68,56.99,83.67
17121,Marion County,IL,Midwest,7,26.69,40.34,67.03
29109,Lawrence County,MO,Midwest,9,26.81,36.55,63.36
16041,Franklin County,ID,Mountain,3,26.83,16.69,43.51
30093,Silver Bow County,MT,Mountain,1,27.02,47.78,74.81
19061,Dubuque County,IA,Midwest,5,27.17,10.12,37.29
51003,Albemarle County,VA,South,3,27.33,20.89,48.22
49027,Millard County,UT,Mountain,3,27.37,43.06,70.42
51107,Loudoun County,VA,South,13,27.38,3.19,30.57
49023,Juab County,UT,Mountain,4,27.38,35.8,63.19
28105,Oktibbeha County,MS,South,3,27.45,33.22,60.68
49057,Weber County,UT,Mountain,16,27.49,41.22,68.72
16045,Gem County,ID,Mountain,3,27.5,26.88,54.39
21149,McLean County,KY,South,2,27.53,21.68,49.21
40049,Garvin County,OK,South,7,27.8,53.8,81.6
29107,Lafayette County,MO,Midwest,8,27.85,33.83,61.68
31099,Kearney County,NE,Midwest,3,28.24,25.53,53.76
26075,Jackson County,MI,Midwest,27,28.7,43.68,72.38
37197,Yadkin County,NC,South,3,29.23,36.58,65.81
31167,Stanton County,NE,Midwest,1,29.54,28.3,57.84
20101,Lane County,KS,Midwest,2,29.74,28.3,58.05
17177,Stephenson County,IL,Midwest,8,29.92,35.64,65.57
20027,Clay County,KS,Midwest,3,30.01,28.3,58.31
20193,Thomas County,KS,Midwest,3,30.06,30.09,60.15
40087,McClain County,OK,South,6,30.11,35.88,65.99
39097,Madison County,OH,Midwest,6,30.46,22.97,53.43
39161,Van Wert County,OH,Midwest,5,30.54,35.26,65.8
48099,Coryell County,TX,South,5,30.74,44.71,75.45
16075,Payette County,ID,Mountain,6,30.74,35.81,66.55
49039,Sanpete County,UT,Mountain,3,31.17,46.05,77.21
19167,Sioux County,IA,Midwest,5,31.21,12.36,43.57
13135,Gwinnett County,GA,South,27,31.44,45.87,77.31
39031,Coshocton County,OH,Midwest,5,31.85,40.13,71.98
40093,Major County,OK,South,2,32.11,33.22,65.33
21113,Jessamine County,KY,South,5,32.14,40.97,73.12
49021,Iron County,UT,Mountain,5,32.38,30.39,62.77
08045,Garfield County,CO,Mountain,7,32.41,23.84,56.25
56039,Teton County,WY,Mountain,3,32.46,21.56,54.02
31091,Hooker County,NE,Midwest,1,32.48,47.78,80.26
31001,Adams County,NE,Midwest,6,32.58,27.54,60.12
13177,Lee County,GA,South,2,32.66,54.65,87.31
37037,Chatham County,NC,South,5,32.98,47.68,80.65
51735,Poquoson city,VA,South,1,33.06,57.13,90.19
48295,Lipscomb County,TX,South,1,33.35,61.52,94.87
39083,Knox County,OH,Midwest,6,33.46,30.2,63.67
51047,Culpeper County,VA,South,2,33.57,26.01,59.58
48319,Mason County,TX,South,1,33.71,47.78,81.5
49049,Utah County,UT,Mountain,28,33.72,10.16,43.88
49045,Tooele County,UT,Mountain,5,33.76,26.61,60.37
30011,Carter County,MT,Mountain,1,33.76,33.22,66.99
27123,Ramsey County,MN,Midwest,90,34.17,22.39,56.56
21167,Mercer County,KY,South,4,34.35,33.22,67.57
20171,Scott County,KS,Midwest,2,34.35,33.22,67.57
13103,Effingham County,GA,South,2,34.76,43.02,77.79
13049,Charlton County,GA,South,1,34.87,23.72,58.58
20083,Hodgeman County,KS,Midwest,1,35.53,47.78,83.31
21225,Union County,KY,South,3,36.01,43.13,79.13
51685,Manassas Park city,VA,South,1,37.03,52.49,89.52
26017,Bay County,MI,Midwest,9,37.57,23.43,61.0
31171,Thomas County,NE,Midwest,1,39.2,47.78,86.98
17099,LaSalle County,IL,Midwest,13,40.57,17.7,58.28
48059,Callahan County,TX,South,4,41.5,41.62,83.12
48205,Hartley County,TX,South,1,43.4,52.49,95.88
48211,Hemphill County,TX,South,1,44.66,28.3,72.96
49051,Wasatch County,UT,Mountain,1,46.66,11.3,57.96
08033,Dolores County,CO,Mountain,1,48.89,43.13,92.02
56011,Crook County,WY,Mountain,2,53.32,28.3,81.63
